reviewId,userName,userImage,content,score,thumbsUpCount,reviewCreatedVersion,at,replyContent,repliedAt,appVersion,app
9a941ecc-5f84-47c5-b8d8-3aed961b0d70,llik,https://play-lh.googleusercontent.com/a-/ALV-UjWoWPAa41Q04JBUoLC9ujd8TnKN-K8tV20yJ6Ny7StvaniPbc_oog,"Ada beberapa game yang ada hadiah gopay coins, tapi pas dapat hadiah nya ada yang malah error dan gabisa klik klaim lagi dan ada yang cuma muncul notif aja tapi gada masuk di riwayat transaksi. Sebagian besar gopay coins yang didapat sebagai hadiah dari game yg dimainkan kaya ga perna masuk di riwayat transaksi sama sekali, yang masuk di situ cuma hadiah dari A+ plus sama cashback aja😅",4,0,2.17.1,2026-09-06 17:04:45,,,2.17.1,gopay
191fcbac-8b33-4c17-9cda-97a10aefa598,mudia putra,https://play-lh.googleusercontent.com/a/ACg8ocLvzA5cAUJx6UVj8Qbn6JPL6zY3u47vY9yHvpYQL-1ycf4Kbw=mo,saya sangat puas dengan Gopay,4,0,2.17.1,2026-09-06 17:04:16,,,2.17.1,gopay
a5b0f87a-0f9d-4718-8065-2c9a519f8cb9,Dean Cvk,https://play-lh.googleusercontent.com/a/ACg8ocIXJC8CAdY12hmvwVkHUEJK-dzNAHvzwpsRGjP-sL-9yxI2zg=mo,josjis,5,0,2.17.1,2026-09-06 17:01:33,,,2.17.1,gopay
0ca315dd-6109-4ad5-b4f8-6269ebdf30e2,Arik Twins,https://play-lh.googleusercontent.com/a/ACg8ocJDpWw3MaO3_nfMF67MGjzZbhjCKFAmqnH4IqPEtc0tGhfuBg=mo,sayang sekali pinjam belom pernah d acc,2,0,2.18.1,2026-09-06 17:00:20,"Hai Kak Arik, mohon maaf atas ketidaknyamanan yang kamu alami terkait GoPay Pinjam. Agar masalahnya dapat segera kami bantu, silakan ceritakan lebih lanjut kepada kami melalui email ke support@findaya.co.id dan cantumkan kode psr-26-249-1011-24496 di subjek email, ya. Terima kasih. ^Mita",2026-09-06 17:11:28,2.18.1,gopay
4185fb3e-0bd3-4834-8cce-35d001833f25,jemmy Toretto,https://play-lh.googleusercontent.com/a/ACg8ocKlYHMZLhv0ZnmKCzWvs2QtUPepkZevEePsHTupAvDT01VCXg=mo,ok,5,0,2.17.1,2026-09-06 16:57:56,,,2.17.1,gopay
4339c003-8234-4039-beee-65af16b975db,Ary Desty,https://play-lh.googleusercontent.com/a-/ALV-UjUWY1P96X0P6ArU7mj9b3ZdNQKMxvzXNlPQWDz4A567I9jkFKwy,mantap,5,0,2.11.0,2026-09-06 16:57:47,,,2.11.0,gopay
4b3e0a49-335b-4007-b3b5-3025e4e0bd80,Maman Sutiaman,https://play-lh.googleusercontent.com/a/ACg8ocKts6c8V1vEofmmJ3iom11Nolxm9-t0xQLJB_JNnNm-JmZceg=mo,Trimaksih banyak untuk Gopay yang selalu memberikan pelayanannya yang terbaik..🙏,5,0,2.17.1,2026-09-06 16:54:00,,,2.17.1,gopay
79e6c35f-eea1-4dad-a6f4-dea3a0fdf1de,Aisyah Aria,https://play-lh.googleusercontent.com/a/ACg8ocL4JwjBU5VMbLS2of8QDUiLDugPNl5NNyL3PSR_dpZqfK-GDQ=mo,sangat mudah untuk di gunakan,5,0,,2026-09-06 16:51:14,,,,gopay
0d9030d6-32d9-4c80-8664-de34db20e287,Rizki Hajri,https://play-lh.googleusercontent.com/a/ACg8ocJLcOWttc_1Ru7Wd_UlZa5T_8vZ544Z3_kqfq9TAJrAlfOhHg=mo,sangat josjis and kriukk,5,0,,2026-09-06 16:50:49,,,,gopay
69d3f7dd-17ce-4174-96ce-4a1c7ae4329e,Ahmad Sapii,https://play-lh.googleusercontent.com/a/ACg8ocJbYI_3teZJEMMcyO1KdJiIbnkSsQV6r4nhoM7uyDLhSGGVkg=mo,ok,5,0,,2026-09-06 16:47:07,,,,gopay
0b29f02a-0f9f-4c48-a4f7-29810f94fdd8,jar Mono,https://play-lh.googleusercontent.com/a/ACg8ocKIXvepqGVFfIQPBQE6k0aQxYvfnF7L2I8TzOdNoY0DiN_p2w=mo,aplikasi GK jelas uang hilang GK bisa kembali y9lol,1,0,2.17.1,2026-09-06 16:37:20,"Hai Kak Jar Mono, mohon maaf atas ketidaknyamanannya. Terkait hal tersebut, silakan laporkan melalui email ke customerservice@gopay.co.id dengan melampirkan kode psr-26-249-1010-09350 pada subject email dan ceritakan kembali detail permasalahannya agar tim kami bisa bantu cek lebih lanjut ya. ^Mita",2026-09-06 17:10:14,2.17.1,gopay
f9dd7e85-c14e-4375-9eae-f09b526372a5,kang doom,https://play-lh.googleusercontent.com/a-/ALV-UjXWMeZpkLJl-GYdHGAhTVfrfKYL7IaSQwIpI2hw0LGPRsLZPyk,murah.... 🤭,5,0,2.17.1,2026-09-06 16:36:40,,,2.17.1,gopay
eafdbf5d-ae43-420f-921b-add237541eff,Ziaaa,https://play-lh.googleusercontent.com/a-/ALV-UjULVO3JcyZOHGH_fmZIPakGqQFILtCFbaHHNN_QKu99x3sVcCKr,"seruuu bgt, bcz ada game nyaa",5,0,2.17.1,2026-09-06 16:36:30,,,2.17.1,gopay
d106144a-7f88-4553-8413-111ffe45ea74,Nico haz,https://play-lh.googleusercontent.com/a/ACg8ocJijmxzw5Tq35wSNczR5DY1h7DO67_nX-bYhgvXMesldDkkcQ=mo,kasih RP200.000 dong,5,0,2.17.1,2026-09-06 16:36:21,,,2.17.1,gopay
01d24f26-f7f4-4b76-804a-6b7a96ad44ce,nayla salsabilla,https://play-lh.googleusercontent.com/a/ACg8ocKIedtPlTHtSfzpqkth4njSrdaQAkJzjFjlAFhRGUpPVclUpQ=mo,god payment,5,0,,2026-09-06 16:35:52,,,,gopay
59a401fc-8e53-4f30-a83e-1fc2c4952b10,syarif abimanyu,https://play-lh.googleusercontent.com/a-/ALV-UjV9aoiQnH4RjMKuscxnmg0d-Tsb7jiwzh57SSwC-uDMfaCjTHZu,"transfer pake gopay k rekening bank,saldo ketarik tapi ga sampai ke rekeng bank nya udh brapa x TF pake gopay kaya gini terus kacau",1,0,2.18.1,2026-09-06 16:35:40,"Hai Kak Syarif, pastikan nomor rekening sudah benar dan kamu sudah cek halaman Riwayat. Jika setelah 2x24 jam di hari kerja saldo belum juga bertambah, silakan laporkan melalui menu Bantuan > ketik 'Transfer saldo ke bank atau e-wallet belum diterima' dan cantumkan kode psr-26-249-1008-37510 pada bagian 'Ceritakan lebih lanjut'. ^Mita",2026-09-06 17:08:43,2.18.1,gopay
b6ef03e4-1021-4ba6-ad70-b1300ca12f4c,Fikzz 2133,https://play-lh.googleusercontent.com/a/ACg8ocJ58zeL_brC1XsYGn7xYVmzX3xY4BZVh5ILOL0bxBJkk2yO6w=mo,lumayan penguna baru dapet diskon beli data cuma 1rp,5,0,2.17.1,2026-09-06 16:29:57,,,2.17.1,gopay
c3d8ce30-a759-4b86-ae70-d0fc4239bee0,Alfatihimw Alfatihimw,https://play-lh.googleusercontent.com/a/ACg8ocL-ArC78C2GFXAiIJfsu19U0BrV43LM_Qzx8iUsn38ggdtpbQ=mo,gg banyak even nya,5,0,2.17.1,2026-09-06 16:24:31,,,2.17.1,gopay
2f9ef8fa-4317-4427-8aac-ab17b69a8a3b,Aegues Panser,https://play-lh.googleusercontent.com/a/ACg8ocJmguTQPgn5bpPCsW8u61ZspJ8ry9i9zfRXFy_v_Mrtcpod6Q=mo,ksh saya limit pinjaman dikit,5,0,2.17.1,2026-09-06 16:24:10,,,2.17.1,gopay
b35745a8-aeae-4144-bbf5-8e3fd77de8d5,sari Kenzie,https://play-lh.googleusercontent.com/a/ACg8ocIE9fP50HfPFlb9mqelSt4pMUVbNlHikeX3N-vFi5_R9SrhNg=mo,mantap banget,5,0,2.17.1,2026-09-06 16:23:50,,,2.17.1,gopay
996c62a2-80fe-4d4a-849a-97d0027c3829,Asih Lestari,https://play-lh.googleusercontent.com/a/ACg8ocJRVuy1dD_F33YC9dEks0SMqZh0LYWy6PI2CEwq9YEwxqEToQ=mo,keren,5,0,2.17.1,2026-09-06 16:23:20,,,2.17.1,gopay
73efda73-d219-4e77-851f-7557d7665888,Aditya,https://play-lh.googleusercontent.com/a/ACg8ocKN4pJ6Kxlp6NXipUz_CA2PWYEAiU4hrAnzBanxKiJEX0vcCA=mo,aplikasi bagus sangat simpel tapi lengkap,5,0,2.17.1,2026-09-06 16:17:29,,,2.17.1,gopay
f07aff35-1951-496d-863c-53a6b2d1e95e,Nyi Blorong,https://play-lh.googleusercontent.com/a/ACg8ocLdrdn6hX-iQ9vGGE16hBkppLMYUJBAJ3GZXmZqfRaCEn5f4A=mo,gopay memang mantap,5,0,2.17.1,2026-09-06 16:13:47,,,2.17.1,gopay
01f67577-d83e-4852-ad39-19613ee9b1ca,Radiyanto Grab,https://play-lh.googleusercontent.com/a/ACg8ocI9AszeuyyCRScnXNNwzYxyerVGPnaJYLnd2jajmLAblErcIA=mo,ok,5,0,2.17.1,2026-09-06 16:11:00,,,2.17.1,gopay
269996c8-76be-4959-8a7f-9f9f75f83f87,Diva,https://play-lh.googleusercontent.com/a/ACg8ocLOMlOyuLf8hHvGfS6ncNKRVZFDuRuiUY91MeS7S0u01C9C3A=mo,bagus sekali,5,0,2.17.1,2026-09-06 16:07:45,,,2.17.1,gopay
82f6d794-ef28-4e50-8426-c31aab24a77a,Ery Eron,https://play-lh.googleusercontent.com/a-/ALV-UjVe7IULMIp4axtUr0BmiG9YcTn6pXwC2Pck8sPNl8OfdJQ--Q,"aman terkendali banyak bonus & gratis gampang & mudah,cuma hanya lemott aja",5,0,2.17.1,2026-09-06 16:07:29,,,2.17.1,gopay
4dd1c89f-856f-487c-a4e2-70f5d9e2adc5,Milda,https://play-lh.googleusercontent.com/a/ACg8ocLA5JneVNIgPVzHAuuVC5JoWpbnmrrkEUvWl2BnN8WKr6NvXw=mo,aku suka karena selalu mendapatkan coins,3,0,2.16.1,2026-09-06 16:05:15,,,2.16.1,gopay
941f735e-1975-470e-b1b3-c2d99b2cd1c1,Asep Nasriah,https://play-lh.googleusercontent.com/a-/ALV-UjVfxs0PRrA3rpiKkkWXOMgshoZsCsbeMrkXVABwwOW9VcJReZ0,mantap,5,0,2.17.1,2026-09-06 16:00:50,,,2.17.1,gopay
c95a6526-2394-4886-b233-bb5269d9ac6d,Sandy 07 Channel,https://play-lh.googleusercontent.com/a/ACg8ocItuWwose9neqJzGg1I_DGA4OXJkGuZRc2Tq-tgJmYnaaSkGw=mo,"oke, mantap, sangat mudah",5,0,,2026-09-06 15:59:12,,,,gopay
371cc543-8939-4cf5-acc9-088919c95203,Andri Batam,https://play-lh.googleusercontent.com/a-/ALV-UjU4L6Wjw8VIZJteBXQ3uJ4LUWXIqqSIYXEOc5tsCl6-hUSuCBs,hebat,5,0,2.16.1,2026-09-06 15:58:46,,,2.16.1,gopay
4b9c4aba-a6ab-4621-82b3-553e47bdf347,Shella Ivanka,https://play-lh.googleusercontent.com/a/ACg8ocIc5_QroyXLYyPF7SM5Aqi0R0HdeLbeQub8ytfysvB7vMWxr3s=mo,sangat membantu,5,0,2.17.1,2026-09-06 15:50:30,,,2.17.1,gopay
fce17ac7-0b68-448f-ab0c-f0b9bfcd14d2,Surya Adi,https://play-lh.googleusercontent.com/a/ACg8ocLwrkpjj3w2gDzFZdLFmTjtQyZOdWkkuIURrKXHYIHhIODxKg=mo,mantap bagus dan lancar transfernya,5,0,2.17.1,2026-09-06 15:44:54,,,2.17.1,gopay
2cd63fa3-7519-482f-9e26-9161b39ad23e,Pujiyanto Anto,https://play-lh.googleusercontent.com/a-/ALV-UjWM29KeH8w2boQPtH2JqhFl_hFK0YgcbBjE5Nez9CjcHFQMTdHA,👍👍👍,5,0,2.12.1,2026-09-06 15:43:23,,,2.12.1,gopay
6cbeb11b-836b-42d0-8cc3-95a7630ff4d0,"Agus D,Kangen fridchicken",https://play-lh.googleusercontent.com/a-/ALV-UjXlxsgGKWdO9BnpD7SRCU20auLEqj1gKrxzE-P1Cmc5jajp8JP0,"oke mantap,biarpun sedikit tp bisa nyampe",5,0,2.17.1,2026-09-06 15:37:09,,,2.17.1,gopay
193dc6ad-1656-4c1a-abda-1a7835330020,Arflin Mokoginta,https://play-lh.googleusercontent.com/a/ACg8ocL_tkRWDkDKUdJ7a7_BHGS0OaR_hZc4p_R4J2-lIhN0eKdcbw=mo,ok,5,0,2.17.1,2026-09-06 15:36:59,,,2.17.1,gopay
a5069fb8-ba40-4780-9102-0d1323f1aba2,Faisal Bayu ardianto,https://play-lh.googleusercontent.com/a/ACg8ocLqt2g7zm4yurMaKEbefhBaiKlNcKH9FJkTdKlP5Iss8JlJXL8=mo,Susah dapetin pinjaman,5,0,2.17.1,2026-09-06 15:34:56,,,2.17.1,gopay
a8b43a42-5b7a-40c8-ae0e-833f7566f561,Dendy Suhendy,https://play-lh.googleusercontent.com/a-/ALV-UjUs9R_-xtEmPjCHTCmTPDNofv8wKeG71F_EmCvOm7n1kGuykQY,pasti ada jalan,5,0,,2026-09-06 15:30:56,,,,gopay
0172d967-600b-459f-89af-a0db3744d9a6,Gran Dy27,https://play-lh.googleusercontent.com/a-/ALV-UjXhNjrWTXK_LsKNq4ogv8XrIIyJQSnt0niufWwtwRl7irIypJI,"ngasih voucher tp suka bug ga bsa dipake, cashback jg ga masuk, udh kirim laporan. katanya 1x24 jam tp sampe sekarang ga ada kabar",1,0,,2026-09-06 15:27:41,"Hai Kak Gran, mohon maaf atas ketidaknyamanannya. Jika kamu masih mengalami kendala, silakan laporkan melalui email ke customerservice@gopay.co.id dengan melampirkan kode psr-26-249-0840-33013 pada subject email dan cantumkan nomor laporan kamu sebelumnya pada email yang kamu kirimkan. Kami tunggu detail laporan kamu ya. ^Mita",2026-09-06 15:40:37,,gopay
9d011d4a-53d4-4049-98e4-f3fd0bc03aaa,Torto Torto,https://play-lh.googleusercontent.com/a/ACg8ocISiSZ_9GeXwbKS77Y5ProdbZpOiS80KgIPib-w_2xB_aTv0A=mo,sangat mendukung dalam bertransaksi,5,0,,2026-09-06 15:26:05,,,,gopay
33af381f-b52c-499c-8347-a4aa63803549,Arumi Kesyah,https://play-lh.googleusercontent.com/a/ACg8ocJXCtgVZOIqLuxdLIaUIO2o6hkkpKw_xFEfJ1p2XHcTh2FBJA=mo,kdng harga ny mahal pol,2,0,,2026-09-06 15:18:56,"Mohon maaf atas ketidaknyamanannya Kak Arumi. Terkait ulasanmu, kami selalu berupaya untuk memberlakukan tarif yang terjangkau bagi seluruh pelanggan agar dapat selalu menjaga kualitas pelayanan terbaik. Kami harap kamu senantiasa nyaman dalam menggunakan pelayanan GoPay. Jika ada kendala lain silakan hubungi kami di menu Bantuan. ^Mita",2026-09-06 15:39:07,,gopay
e05c2d3a-2a4f-48bf-8613-ca9aad3a1511,Zakiaa,https://play-lh.googleusercontent.com/a/ACg8ocLSzRxWkBN_ZRYfkzUxjobkhQQGBKWLzIzC6bipH2iXmv0L0w=mo,sangatt mmbntu,5,0,,2026-09-06 15:13:56,,,,gopay
46776323-aa91-4443-b699-39f482b164fc,Partini Aja,https://play-lh.googleusercontent.com/a/ACg8ocJtpT7_p0-fMijqq4iWRBz3lM6CVJy3y7jhnfgPFOZg8CZllg=mo,mantap,5,0,2.16.1,2026-09-06 15:12:51,,,2.16.1,gopay
a1597808-8eae-4288-8063-4bc51bda3c50,Atika Ayu lestari,https://play-lh.googleusercontent.com/a-/ALV-UjVae4Pk8ymp1jkuQA6Oi2FwsYKOhsEeMfT_3xYQWFc3AN5u6rY,senang,5,0,2.17.1,2026-09-06 15:07:43,,,2.17.1,gopay
b58f8339-178c-4ae9-ad94-40e24ce74ad0,Devano Lande,https://play-lh.googleusercontent.com/a/ACg8ocJOAWqZ20Vs0Xn_xKWOMx8g4dCBG3wRXuIrMXDbDHygjdA0Dg=mo,bagus bangettt,5,0,2.17.1,2026-09-06 15:06:44,,,2.17.1,gopay
6578c419-5024-4cc9-a6d6-9c557e9e436e,Edho Gaming,https://play-lh.googleusercontent.com/a-/ALV-UjVLH0wtUDsD4qldNWd0zKaTGj4YPlK9mfPs5mn5THopixK6hUqV,ok,5,0,2.17.1,2026-09-06 15:01:50,,,2.17.1,gopay
232433b7-bdc4-4cb9-8104-049c770ef398,Sudario Rio,https://play-lh.googleusercontent.com/a-/ALV-UjXwaIjhL4qD8pBUv7_0bqK_FaYvUDYmA5p_25N0ljs75eyI5DM,bagus bngettttt🥰🥰🥰🤩,5,0,2.17.1,2026-09-06 15:01:21,,,2.17.1,gopay
e6d5fbb5-ba57-4676-9e2b-ee6681a53775,Zidan,https://play-lh.googleusercontent.com/a-/ALV-UjUXPEorHOWvNkl0HjaWxjb-M-xD9Wv-vDWd9HO5dlSNU08YFEg,bagus woy,5,0,2.17.1,2026-09-06 14:59:04,,,2.17.1,gopay
eb028f72-47c6-478e-a518-4e848522c4be,Camat Jay,https://play-lh.googleusercontent.com/a/ACg8ocLeso0ROFm1t11QHUrzSbqTPcLoJk7HZh6JJbl5-nH2s4lgOQ=mo,semoga cepat di bukai gopay layternya.....,5,0,2.17.1,2026-09-06 14:52:08,,,2.17.1,gopay
2b9db547-0863-47bc-b1df-fe38d1264386,Muhammad Arsyad,https://play-lh.googleusercontent.com/a/ACg8ocKxdsxzGl_E2W85qvQzRAoSilCBe17ege-U4WmsFkY5w2Vavw=mo,sangat baik,5,0,2.17.1,2026-09-06 14:50:37,,,2.17.1,gopay
68ce8b6e-80fc-4516-b9e0-9caeed2651a8,Ragil agung Riadi,https://play-lh.googleusercontent.com/a-/ALV-UjXFYwvl0oWdOFFQju0sbGgaE2Lbr-Kky4sQ5-hd6YQO-N_P1Hc,kasih cicilan dana,4,0,2.17.1,2026-09-06 14:49:53,,,2.17.1,gopay
ac0718c5-8446-4027-8c1b-9d1b075d06da,mas ish (mas ish),https://play-lh.googleusercontent.com/a-/ALV-UjV6kVCcBa61jwUSN7rArQ2sAqameLlB-iGx4-hCOm8IjjcaH9I,memudahkan urusan,5,0,2.17.1,2026-09-06 14:45:40,,,2.17.1,gopay
12af3e8c-2f34-4250-9fd8-6591f7faafcc,dila pramita,https://play-lh.googleusercontent.com/a/ACg8ocLvfLbtEpdLBot0tsCDlKX-ZG6im6U4SAKYGYha0hyK0HDCjQ=mo,mantap bisa dapet yang di apk ini,5,0,2.17.1,2026-09-06 14:45:09,,,2.17.1,gopay
0cae2bb6-e02d-4cac-a6c9-71f7958d7efb,Faishol zzz,https://play-lh.googleusercontent.com/a-/ALV-UjW-g-5dVYc6yQlwb36btyvScvCNl7nN1B7ocASllX9Lvjn2cvqd,bgus,5,0,,2026-09-06 14:42:23,,,,gopay
3aeeab3b-2c65-4eed-b06a-6bf6204e0eee,aa bazil,https://play-lh.googleusercontent.com/a/ACg8ocJyuCBxyz6bUpPRsj6yORVsZUa_PYSIQM5GsgFT4sRIvqWbmA=mo,mantappp dan nyaman,5,0,2.17.1,2026-09-06 14:41:43,,,2.17.1,gopay
086f0c5b-fb7f-4ce9-81af-2c7f62c7c1e8,Pacik Cc,https://play-lh.googleusercontent.com/a/ACg8ocLQ65zORvk877ayl_QoK6_F5voG_HNBe9bvyuA-PQ90_Cs7YlI=mo,is the best,5,0,2.17.1,2026-09-06 14:40:06,,,2.17.1,gopay
86f318f2-2174-4e94-9025-17183f683968,fajar subiyakto,https://play-lh.googleusercontent.com/a/ACg8ocJHcX0Al1t8I9VVXGXlwdVW8eYcX0wPYVO11lfEIqHZXeXs6Mg=mo,am@n dan cepat,5,0,2.17.1,2026-09-06 14:35:02,,,2.17.1,gopay
71b7e1ec-274b-4f05-beab-670975792d28,Aliff Beutik,https://play-lh.googleusercontent.com/a/ACg8ocJ3OV5pSqjI9tzr3uhV2p0I3xjZsacIhtmy8OohKMTZ-9DEMw=mo,mantap,4,0,2.17.1,2026-09-06 14:34:12,,,2.17.1,gopay
3c3f902f-044a-4ec6-88d0-694a82fd61e2,Muhammad Uden,https://play-lh.googleusercontent.com/a/ACg8ocL_lxrzpLorWV_KEjZr73Wf9jPUBYDIUwzZNSH6ZhyDGNLvfw=mo,bagus,5,0,2.17.1,2026-09-06 14:29:31,,,2.17.1,gopay
154c06f8-17f4-451c-b2b4-a0fa53096311,Mattoli Mattoli123,https://play-lh.googleusercontent.com/a/ACg8ocIyL1TYXEBeZcYgImUvQyGX7Ivf_snv7mnE2j0TsVYYMEakqg=mo,baik,5,0,2.17.1,2026-09-06 14:24:34,,,2.17.1,gopay
c3c72217-caa3-4331-a6b1-a109ad3d767d,Agustinus Kaya raya,https://play-lh.googleusercontent.com/a/ACg8ocIAt-ViwAkPBOdV60Ob_aUk_lUJ0kmEpH___LsuffComXxEqg=mo,josss jissss...,5,0,2.6.0,2026-09-06 14:22:20,,,2.6.0,gopay
16c075d1-eedc-490b-a39a-bade14d9d662,Mia Muh,https://play-lh.googleusercontent.com/a/ACg8ocKJ86n4yqcQ0wRsRbwP-qmeYzHp34ZVZ8ZE-6Cc6miqjlJy0g=mo,"gk suka bgt. terornya sampai sosmed, gak rekomendasi bgt apk nya",1,0,,2026-09-06 14:14:19,"Hai Kak Mia, mohon maaf atas ketidaknyamanannya. Laporan yang kamu sampaikan akan menjadi masukan bagi kami untuk terus meningkatkan kualitas layanan kami ke depannya. Jika kamu memiliki pertanyaan terkait layanan GoPay Pinjam, silakan ceritakan lebih lanjut kepada kami melalui email ke support@findaya.co.id. ^Melodi",2026-09-06 14:50:33,,gopay
7fe778b6-033e-4ecb-a147-4ad5c7437d65,m Ansori,https://play-lh.googleusercontent.com/a/ACg8ocI3jvb7a3JetItSaQ1Irtysu9ZSiG8WORGGZOyU6R74vQ6Qcw=mo,mempermudah buat kirim uang kekeluarga yg jauh,5,0,,2026-09-06 14:11:00,,,,gopay
0706b0ce-390f-4eec-89e0-3abf31064702,Bujang Seken,https://play-lh.googleusercontent.com/a/ACg8ocKofCm2AqFEre40EQbsz8inZeQcc73zh9tAH0oyTCFQ6iPrOw=mo,keren,5,0,2.17.1,2026-09-06 14:08:06,,,2.17.1,gopay
e2039156-70d2-4fd6-a433-33c2467e050b,rock star,https://play-lh.googleusercontent.com/a-/ALV-UjW2wd4GsMhQKobpDqFhAX3m6odXUd_IyWsjEgRyo9h9d1vsShAU,"ganti ulasan karena gopay tidak konsisten dengan perkataannya, sangat buruk dan sangat kecewa bangy",1,0,2.17.1,2026-09-06 14:05:31,"Hai Kak, mohon maaf atas ketidaknyamanannya. Laporan yang kamu berikan akan menjadi masukan bagi kami untuk terus meningkatkan kualitas pelayanan kami ke depannya. Jika kamu memiliki pertanyaan atau kendala lainnya, silakan kunjungi menu Bantuan di aplikasi GoPay kamu atau email ke customerservice@gopay.co.id. Terima kasih. ^Melodi",2026-09-06 14:49:07,2.17.1,gopay
ddf3b65c-75a0-4729-9ce5-d5681adfbde2,Ahmad Faisal,https://play-lh.googleusercontent.com/a/ACg8ocLdsr2F9E32F-INBshQ54mbrl6DQTO7ZWiamrtmLNqlMou2FQ=mo,bagus,5,0,2.17.1,2026-09-06 13:59:12,,,2.17.1,gopay
6adcf291-66df-41be-b0b3-86fac46aa9a9,Romio Sapulete24,https://play-lh.googleusercontent.com/a/ACg8ocIGbME0BCEE5EmclU99VUquSPFPAq_eYfXXwHYGPmUX_vfnjw=mo,bagus,5,0,2.17.1,2026-09-06 13:58:32,,,2.17.1,gopay
ba78ab14-d6b9-4512-8cce-fc8ff5a77195,Mhdrizan Mikey123,https://play-lh.googleusercontent.com/a-/ALV-UjWhREwTTImv2IWKzlZ1YVguBixkvZp3qT4-bvNRW_G7LbuP_ZM,bagus,4,0,2.17.1,2026-09-06 13:56:47,,,2.17.1,gopay
383529b9-7fd5-49bf-9661-9f527ce98251,10_ ERLINDA,https://play-lh.googleusercontent.com/a-/ALV-UjXx0VgioW_k9to5vgYQZ0ZjKuInRfTPQPpkRjo05WTUmhUo1E4_,"aplikasinya ga amanah transaksi saya gagal tapi saldo saya ga kembali,di chtnya juga responnya aneh penuh ke anehan,jngn ada yg pke gopay deh bermasalah nih aplikasi",1,0,2.17.1,2026-09-06 13:53:15,"Hai Kak Erlinda, mohon maat atas ketidaknyamanannya. Jika kamu masih mengalami kendala, silakan laporkan melalui email ke customerservice@gopay.co.id dengan melampirkan kode psr-26-249-0747-38807 pada subject email dan cantumkan nomor laporan kamu sebelumnya pada email yang kamu kirimkan. Kami tunggu detail laporan kamu ya. ^Melodi",2026-09-06 14:47:53,2.17.1,gopay
37068fbb-2e25-467a-809c-a29616761d2a,Akhmad Khoirul Huda,https://play-lh.googleusercontent.com/a-/ALV-UjXCzyx69ifR8_YhFk4R3XnJBAAGCMmGyn24peD6RVjKeYitWpCt,good,5,0,2.17.1,2026-09-06 13:51:14,,,2.17.1,gopay
52776094-18f6-45b0-8cc0-3284f9bd5e2a,SUBANDI,https://play-lh.googleusercontent.com/a-/ALV-UjV_tHKkcsoj8t3EmnWfpSbNxv92MpAQ_4BKgg7u-xrDN5-MNH0nkw,aplikasi ini sangat membantu sekali dan mudah digunakan cocok buat saya pribadi sebagai pengguna,5,0,2.17.1,2026-09-06 13:48:58,,,2.17.1,gopay
d68a5b70-9f8c-4f66-9120-4929133f2168,Aina Nuraina,https://play-lh.googleusercontent.com/a/ACg8ocKvDHTqQ0xK1HH9TwagaSGVWWYlc9Y29pD-67QTQAflr6clyg=mo,aplikasi yg sangat membantu dalam kesulitan,5,0,2.17.1,2026-09-06 13:47:04,,,2.17.1,gopay
32896fdd-d3fe-425d-abdc-268917326a37,Sapar Dmochis,https://play-lh.googleusercontent.com/a/ACg8ocKEUABTyWRkJw_zktmR7VhKCE2oSLezf51E1uEpUbXUSAxCpA=mo,Luar biasa,5,0,2.17.1,2026-09-06 13:32:57,,,2.17.1,gopay
79ad17c8-96f2-4349-a523-74638063751b,Ilham ayen,https://play-lh.googleusercontent.com/a/ACg8ocJPJeg29WtPsch1duTQxI4JWwS_lPhJUrJ2DMiuD2Ca33NTJw=mo,Ilklaan Lo sagaat megagu. php,3,0,,2026-09-06 13:31:28,,,,gopay
0186652d-04c6-40fe-8656-7563c634af03,Abdii Dii,https://play-lh.googleusercontent.com/a/ACg8ocIBrADgmqCtysjzyCalb3IKJMY7-V0ZIUxKr7CHsPr153ZIqg=mo,"lebih bagus gopay kebanding dana gabisa di pake ini itu kalu gda paket, sedangkan gopay bisa beli paket bisa qriss",5,0,,2026-09-06 13:29:39,,,,gopay
84dc1395-0b96-4406-ab69-9c5add8a1bb5,Saprin Sorong,https://play-lh.googleusercontent.com/a/ACg8ocJpxWDax4uVHak_C9_frcLgqzdakZXuynO14t-7HTJpUghuKw=mo,mntp,5,0,,2026-09-06 13:29:00,,,,gopay
95042fcc-4d37-4060-9a16-aa049d6e1cfa,Luung Pambayun,https://play-lh.googleusercontent.com/a-/ALV-UjVHcQKJzaXbh0WPknCe4twQUIp2jG5te74viEhUH-RImgGCpG0R,"Baru instal hari ini, Mudah2an senantiasa aman dan terpercaya.",5,0,,2026-09-06 13:28:19,,,,gopay
8770bd34-1584-4910-8675-3a05b5115a6f,Nur Cholis,https://play-lh.googleusercontent.com/a-/ALV-UjW_TZ693US92PDEvA-Ol6Rdmxk2izdVbcDL-iwKlKs3zRrOBBY,buruk sekali semalam saya transfer saldo lewat apk dana belom masuk uga sampai sekarang saya saranin jangan pakai gopay,1,0,2.17.1,2026-09-06 13:25:55,"Hai Kak @Nur Cholis, mohon maaf atas ketidaknyamanannya. Pastikan nomor tujuan sudah benar, sudah cek halaman Riwayat. Jika saldo masih belum masuk, silakan laporkan melalui menu Bantuan > ketik 'Top up GoPay saya belum masuk' > isi formulir dan cantumkan kode psr-26-249-0745-25152 pada bagian 'Ceritakan lebih lanjut'. ^Melodi",2026-09-06 14:45:46,2.17.1,gopay
c0c36300-41aa-4193-a448-571c46797f6c,Yksaysm,https://play-lh.googleusercontent.com/a/ACg8ocKVbYhjzHliR4TYF6c_RYTc1DjoXVv9KG5hcl4YhymeNZ8tlw=mo,lebih baik pake gopay dari pada pake dana to the point aja,5,0,2.17.1,2026-09-06 13:20:26,,,2.17.1,gopay
8e75fe55-cbde-4002-a42c-3981dde9c2d6,Ruminiii pesek Pesek,https://play-lh.googleusercontent.com/a/ACg8ocLZEUPeT5fR0tkcH20RVfOIzHj9HQ-JVC-R7lOu-UakQFgBFQ=mo,ok baik,5,0,2.17.1,2026-09-06 13:18:30,,,2.17.1,gopay
b1e09ac3-831a-4827-9a3a-3492fa6808e2,Hafiz Effendy,https://play-lh.googleusercontent.com/a/ACg8ocI1zMjjsxWVi27NQGcd7FJUPFcQFYVt3Vx9aN9zHIOjnLC_6w=mo,"Kelihatannya sejauh ini belum ada hal yang berbahaya, semoga kedepannya bisa lebih baik lagi.",5,0,2.18.1,2026-09-06 13:17:12,,,2.18.1,gopay
3960af4c-af41-451f-a7e5-cea4b50aef52,Riko Sanjaya,https://play-lh.googleusercontent.com/a/ACg8ocJq2KA4Rs7UF4_QUSJlWPZZYcbOyN8Qv1mrSxJEdEqmkyp0lA=mo,gopay banyak cashback sama diskon jadi worth it banget untuk di jadiin e wallet utama,5,0,,2026-09-06 13:14:54,,,,gopay
875d7ba8-1a77-4244-ae39-c1b44de156c7,I Love you,https://play-lh.googleusercontent.com/a/ACg8ocJ6e3Gl136zOKwtQzpjQ3qFVXNVAWw8ELThvzKNwpWClMyjRQ=mo,coba jelaskan saldo saya 15k tiba tiba jadi 7k padahal saya tidak memakai nya sepeser pun,1,0,,2026-09-06 13:10:00,"Hai Kak, mohon maaf atas ketidaknyamanannya. Mengenai saldo Kakak yang hilang atau tidak sesuai, silakan masuk ke menu Bantuan > pilih layanan ""GoPay"" > pilih artikel ""Saldo GoPay saya hilang"" > lalu isi formulir yang tersedia. Semoga kendalanya bisa segera terselesaikan ya, Kak. ^Melodi",2026-09-06 14:43:11,,gopay
43e30ccd-02c9-4f94-8515-ce45fc3ebf4b,Royyan Ibnu,https://play-lh.googleusercontent.com/a/ACg8ocK2TPXIF5XpTj_C8m8a2o077vKX4FjoUrGrwKA4vA1Pde3T=mo,langsung dapet gratis pulsa,5,0,2.17.1,2026-09-06 13:09:33,,,2.17.1,gopay
e5d328ad-5cf9-4593-a47b-5fe115a233ed,Endang Bima,https://play-lh.googleusercontent.com/a/ACg8ocKNHUOTXYedji2zJg9icXbvsw5DVTRN_UuCkduKOPvFQCuUhQ=mo,cepat dan praktis,5,0,,2026-09-06 13:09:17,,,,gopay
27ad9853-b298-459b-b740-a162d37e49d6,Anisa Balqis,https://play-lh.googleusercontent.com/a/ACg8ocK5QLfiqpPjdL4pql14F0K76yRBgJlWnhM50EzJmy5YZ7qaHQ=mo,bagus bngt!!🥹❤️bisa transfer luar negeri,5,0,2.17.1,2026-09-06 13:09:00,,,2.17.1,gopay
33be4e92-fbc6-4cf5-ae9e-16b25d173a6b,Lesmana RizkyH Ramadan,https://play-lh.googleusercontent.com/a-/ALV-UjXoGmKQ-40HgV_sI7svnSDOoZfaC6ezhb1rTjas8pwG1sGCpDI,stop tampilin iklan ke gua gua udah ada dana cerewet banget Luh,1,0,,2026-09-06 13:08:12,,,,gopay
858a6243-0a56-45f6-84c4-509aae63dbff,Fitri,https://play-lh.googleusercontent.com/a/ACg8ocL0krVT7ohLlqZ-tPTHV-khbvDd5Z1zyaGekm93781uj__opg=mo,bagus bgtttttt lovee sekebon,5,0,2.17.1,2026-09-06 13:07:39,,,2.17.1,gopay
1b7dc3dd-efbf-405a-9b94-007a04762f37,Husnul Hotimah,https://play-lh.googleusercontent.com/a-/ALV-UjVx1eVq9KTzzJXif411I4JKwoq_1UmhroiOJLMB5UHQnr2oKIk,Gopay terbaik,5,0,2.17.1,2026-09-06 13:06:53,,,2.17.1,gopay
3414c0f2-5fb3-4895-a54c-2fde884067c1,Akun Kedua,https://play-lh.googleusercontent.com/a-/ALV-UjX8y-TZitG9kHlSfSKJf0YqlyS9j7ZGkWvHdzOUqekjtNRPTvio,sangat baik,3,0,2.17.1,2026-09-06 13:04:38,,,2.17.1,gopay
fdc9ba91-b8b5-45d7-acf5-db53ee0de4b8,Sentia Sunaida,https://play-lh.googleusercontent.com/a/ACg8ocItx9wTZfhIgdZxNGQET72Qu_Ti_oomS34KU2-YSrY_EvBD1Q=mo,satu juta coins ya,5,0,2.17.1,2026-09-06 12:59:31,,,2.17.1,gopay
b320e463-c642-4157-ac31-5750be0eac83,Riyan Syah,https://play-lh.googleusercontent.com/a-/ALV-UjUv_paQBhzFYjlGBlCcTN2aOhCOnClDSiAKqgcLcfwqIU-hcYZZ,bagus banget,5,0,2.17.1,2026-09-06 12:58:08,,,2.17.1,gopay
17b06f1e-556a-452c-9a6a-3046a77d68b0,zen Sukses,https://play-lh.googleusercontent.com/a-/ALV-UjX-peIqvSwJkIHutN_B0crJf8ufE6hV10ykiZIFrykbKNbFlUlm,keren,5,0,2.12.1,2026-09-06 12:57:43,,,2.12.1,gopay
8ed8466c-0178-4f65-bdcf-3a992c21ab94,Paulina Rame,https://play-lh.googleusercontent.com/a-/ALV-UjVwbwQzyQZotw_WSqoFdqtc-N6aS4MwgQKAtdcHcyOEzpMmTQ,baik,5,0,,2026-09-06 12:46:21,,,,gopay
f4095252-7fb0-44cc-b765-ea815c56e831,Mella Fitria,https://play-lh.googleusercontent.com/a-/ALV-UjU1ZGTVGCAwY3I_DcE4JeflioHYp4uCp_2U8CH5oRujmWgNQc1Z,gopay mengecewakan masa saldo tiba tiba hilang dan tidak mau tanggung jawab mana jaminan saldo kembali,1,0,,2026-09-06 12:46:09,"Hai Kak Mella, mohon maaf atas ketidaknyamanannya. Mengenai saldo Kakak yang hilang atau tidak sesuai, silakan masuk ke menu Bantuan > pilih layanan ""GoPay"" > pilih artikel ""Saldo GoPay saya hilang"" > lalu isi formulir yang tersedia. Semoga kendalanya bisa segera terselesaikan ya, Kak. ^Melodi",2026-09-06 13:30:27,,gopay
7dc048d5-01b2-40be-990a-4210d2cdfb62,Fadil solo game,https://play-lh.googleusercontent.com/a-/ALV-UjVwpfxQ9XC2_m_NncuCt826quuGbYgsE2z23zCXDLZ6fareoKb7,mudah di gunakan dan gak terlalu ribet,5,0,2.17.1,2026-09-06 12:43:51,,,2.17.1,gopay
b7b0be3c-5c8f-4e73-ad42-831898820d71,Ponu Yuto,https://play-lh.googleusercontent.com/a/ACg8ocJibKjx9pr0aK44Ut0JLofaPWOci11ZzDEJkNCV00U3zmYMtg=mo,aplikasi yg sangat bagus,5,0,,2026-09-06 12:43:23,,,,gopay
57085472-f3da-4980-8669-5ff6bc0160b1,Fiday Fidayatulloh,https://play-lh.googleusercontent.com/a-/ALV-UjWkNvAANLRzI54YzibMWLXxbR0_juZVQ0tIiaz2c2REMJuRwivi,Sangat Bermanfaat buat Usaha. terima kasih Gopay,5,0,2.17.1,2026-09-06 12:42:35,,,2.17.1,gopay
93e6371d-9600-4f9a-8d0a-1f98f24527cc,Wastiah Tiah,https://play-lh.googleusercontent.com/a/ACg8ocI5EI3S8mOxtZO0sAOoorJh_WjlKsyUpT-5ggIoZsVf9vOb2g=mo,okokok,5,0,2.17.1,2026-09-06 12:42:31,,,2.17.1,gopay
6027a8f1-f4ed-448d-a126-b7f28c817ed8,Rama Dani,https://play-lh.googleusercontent.com/a/ACg8ocJGXANDBlgCANLFW1ZL871Q6TKPq2i5wdYmiwVbWsCdN4FqoQ=mo,bagus,5,0,2.17.1,2026-09-06 12:40:53,,,2.17.1,gopay
60223e56-2e15-4af2-90ab-c1e8cd3fc71a,Futoshi Yamamoto,https://play-lh.googleusercontent.com/a-/ALV-UjWXI04e4qw52gM33zqPJhOsfLjm_TvYZv-Haqz6pNBe-fKNekFV,keren abiss,5,0,2.16.1,2026-09-06 12:37:17,,,2.16.1,gopay
35d70757-3312-4952-a31d-512377256a23,Jhosep Bedor,https://play-lh.googleusercontent.com/a/ACg8ocKTgCnNj0TcuZGcm1s6vaY8KT6VTfgxiVvT-2MYmCy-_dePQ18=mo,dana cicil saya knpa emggk bilsa di gunakan,5,0,2.141.2,2026-09-06 17:04:32,,,2.141.2,dana
3b12fd5c-9fa3-455d-9f05-31f140e6ba76,Clan Shadow,https://play-lh.googleusercontent.com/a/ACg8ocIiUCKs-qp5uBdcN40ff3HQ2wuLE3iVwHr4CDmog2ENcRFLWA=mo,GK bisa verifikasi di nmr lain kalau udh nmr hilang pas pakai nmr baru dan mau verifikasi GK bisa padahal kan jelas orang dan KTP nya kan sama sulit banget buat akun trs verifikasi nmr baru,1,0,,2026-09-06 17:04:24,"Halo Kak, kami mengerti keluhannya mengenai gagal verif KTP di nomor lain karena nomor lama hilang. Berikut langkah pemindahan DANA Premium: 1. Buat akun DANA baru di nomor baru 2. Lakukan verifikasi Premium (akan gagal otomatis karena KTP di akun lama) 3. Tap Pemindahan Akun > Lanjutkan > Mengerti 4. Cek detail NIK & nomor HP dan selesai.Tks-IR-",2026-09-06 22:20:58,,dana
c0e6fa1e-ed5e-4ba2-970c-ba65feb678f6,SUDARTIK ND,https://play-lh.googleusercontent.com/a/ACg8ocK1D7CVURXUBGe-zpGryuNl5MmpC8g3UWIwr2_YhDo5OZP_Aw=mo,mantap,5,0,,2026-09-06 17:03:53,,,,dana
aae8bd3a-ceb6-4dac-a12e-4f15255cc030,MIPA 1,https://play-lh.googleusercontent.com/a/ACg8ocIliymO2-Ey-9ZjoZMl6AvX3UCFKxh9_qt78NeLV4c48I1-Yw=mo,"perbaiki lagi kualitas apl nya, jgn suka potong saldo org",1,0,,2026-09-06 17:01:49,"Halo Kak, kami prihatin atas pengurangan saldo. DANA aman karena diawasi Bank Indonesia. Silakan sampaikan kronologi lengkap beserta screenshot transaksi via DM/inbox sosial media kami yg bercentang biru/emas. Proses refund saldo butuh investigasi lebih lanjut oleh tim terkait. Pastikan untuk selalu menjaga kerahasiaan PIN/OTP. Tks-IR-",2026-09-06 22:17:56,,dana
e164d15d-5e38-431e-9170-4dfbffb62da2,Polendra Manao,https://play-lh.googleusercontent.com/a/ACg8ocJUsqbWJSTYn-O8i2DQ2RLF4m74Tpaw5TC_XK6gzAgCBOiJlA=mo,sangat2 bagus,5,0,2.141.2,2026-09-06 17:01:48,,,2.141.2,dana
948b63b8-2c65-4210-89dd-2d822a080e8b,Bang Farhan,https://play-lh.googleusercontent.com/a-/ALV-UjXnE-7-gsFLC6ZkTu6KWoZDLJNi5i0I84LeoN4rq0vZypwJNlol,dana monyet kaya nya aman tapi saldo saya ilang terus,2,0,2.50.1,2026-09-06 16:59:16,"Halo Kak, kami turut prihatin atas saldo yang berkurang. Segera hubungi kami di DM Sosial media resmi DANA yang centang biru/emas dengan lampirkan screenshot transaksi yang dikeluhkan. Saat ini, kami belum bisa memastikan proses pengembalian saldo karena masih diperlukan pengecekan. Pastikan tidak ada langganan aktif di akun DANA Kakak. Tks-OK-",2026-09-06 20:30:30,2.50.1,dana
db5a20b1-f071-495a-b56c-b2c02bb45953,Andi,https://play-lh.googleusercontent.com/a/ACg8ocKywALBhiushp5VhI_eLI7tiNaIBefMpxq-2YeuQq1nr5Lp6Q=mo,ya bgus,5,0,2.141.2,2026-09-06 16:57:58,,,2.141.2,dana
f93a187b-61db-42a5-80fe-1051a72b0706,Parti,https://play-lh.googleusercontent.com/a/ACg8ocKY37Do-yKqHfjsJTgq5v9q9Nb3OgCW2hfX-UMJbpPUzgriOQ=mo,bagus Skali aplikasinya saya suka sekali memudahkan untuk TF ke bank lainya trmksih,5,0,2.140.0,2026-09-06 16:57:41,,,2.140.0,dana
153d3031-6cc5-4500-af6b-e3c900956104,Baเอตี้thai,https://play-lh.googleusercontent.com/a/ACg8ocJlshHCRNN8dpyctv2ko_BEOdmBW3Sh3QuO7QEljZEPMX0ADw=mo,sering ketarik sendiri uang ku,4,0,2.139.2,2026-09-06 16:53:50,,,2.139.2,dana
6d18591c-9536-42b9-a6df-ed13920b07e0,Mohammad Riski,https://play-lh.googleusercontent.com/a/ACg8ocI5kHgC0mFxkpXclahPbluPZGFf-HALC6rVdvG7_akA62SFiA=mo,bagus,5,0,2.141.2,2026-09-06 16:52:23,,,2.141.2,dana
3b584fe0-64ba-40a5-b63d-9d13226e3f53,Opiza Za,https://play-lh.googleusercontent.com/a/ACg8ocJBOIbiGhrWodU2LaiyNMeXXJsWV8mpjFBYQ-ISBZNhIC2g6A=mo,dana cicil ku eror terus gk bisa aktivas,5,0,2.141.2,2026-09-06 16:49:57,,,2.141.2,dana
17d6c80d-af91-4214-84b3-daa3eb7279e8,Yhona Lumi,https://play-lh.googleusercontent.com/a/ACg8ocJAjOhvecWplYJAAX51TMJNdCv_dnzHtl4JISRD7r6IUrJ8SQ=mo,"top up ngga masuk, mau komplain malah di minta2 data pribadi bank",1,0,,2026-09-06 16:49:19,"Halo Kak, kami mengerti kendala top up yang belum masuk. Mohon tunggu 1x24 jam sejak transaksi ya. Jika masih belum masuk, silakan hubungi DM media sosial resmi DANA (centang biru/emas). DANA tidak pernah meminta data rahasia bank seperti PIN, OTP, atau Password m-Banking. Jaga selalu kerahasiaan data Kakak ya! Terima kasih. -OK-",2026-09-06 17:56:32,,dana
7333a267-f285-477f-b555-a40271145028,Dimar Nurachman,https://play-lh.googleusercontent.com/a/ACg8ocI4QYU7YFp-Z6BZo7erogeNYxMjnjTkUkMQ6ZDZQ5nBEr5Lsg=mo,aplikasi payah masa mau beli sesuatu dengan bayar qris malah transaksi gagal tolong perbaiki lagi lebih ditingkatkan lagi jangan ada masalah bug atau masalah yang membuat pengguna dana jadi kesusahan untuk bertransaksi membeli sesuatu,1,0,,2026-09-06 16:41:59,"Halo Kak Dimar, maaf atas ketidaknyamanannya terkait kendala transaksi QRIS. Coba hapus cache, update ke versi terbaru, serta restart perangkat dan pastikan koneksi internet stabil. Jika masih terkendala, hubungi kami via DM X @danawallet atau IG @dana.id dengan info tipe HP, versi OS/aplikasi, serta video kendala agar segera kami bantu. Tks-OK-",2026-09-06 20:27:26,,dana
643f2207-4730-40d9-aa0f-81f8fea47765,Suryadi,https://play-lh.googleusercontent.com/a/ACg8ocIkjs4Vpg14To5C3XbxS0ty-gKulT06WsBBL2nD-m6GvZA7Cw=mo,mantap,5,0,,2026-09-06 16:39:48,,,,dana
f4b1817f-3c15-4ebc-9770-dbc8051ce43f,Agus Wiyanto,https://play-lh.googleusercontent.com/a/ACg8ocKp3j7oVmMFajioBmH53uvxJPO3pJzjnbsxAoJelndNzL9UCw=mo,bagus,5,0,2.130.0,2026-09-06 16:38:24,,,2.130.0,dana
3bdb116e-265d-4c69-b75e-468e7a69ccb3,Jen Jenab,https://play-lh.googleusercontent.com/a/ACg8ocIxmzhSWjr2Qieqmc1GtelJFmKpn6-A74jU_coMLhb2uiGYPw=mo,"bagus , cepet kalau mau transaksi",5,0,2.141.2,2026-09-06 16:36:51,,,2.141.2,dana
6526427b-0c7a-4e74-9b5b-ffe03c81f428,nabilaamelia,https://play-lh.googleusercontent.com/a/ACg8ocK2sDgNzESkWRgZ-bN26iAdoJwZHkGOsu0rwU_SCCO2F1FFXg=mo,aman nyaman cepat,5,0,2.141.2,2026-09-06 16:36:38,,,2.141.2,dana
a8f99e50-91f8-45d4-a619-c4007169bbd4,Dasen arr,https://play-lh.googleusercontent.com/a/ACg8ocJhu5o76bxkYcczevWDadMmE9FvQbZBNDgsYAHDMe8SQT-OoQ=mo,mantap nih sat set,5,0,2.141.2,2026-09-06 16:36:23,,,2.141.2,dana
d53548c9-645a-4dab-af3e-b0249be5b4b2,Dian tasya,https://play-lh.googleusercontent.com/a-/ALV-UjVIrCYg5YkGSUJL3_NF_ly694y9YMTnuTzx0sQWQuFano4ZauQ,amazingly very satisfied using DANA,5,0,2.141.2,2026-09-06 16:36:22,,,2.141.2,dana
2b901af0-f954-4b10-a02c-0968472b14b0,Siti Zulaeha,https://play-lh.googleusercontent.com/a/ACg8ocIutrfGK6S0EbyeeL1d8TC6M_ZbJdgJOr9Qv2IEriwQCy7MNw=mo,cocok buat transfer k keluarga dan anak anak,5,0,2.141.2,2026-09-06 16:32:50,,,2.141.2,dana
f67c23e4-b69e-48c5-8a81-ad3d4a6b0bc3,Akuhanya Sampah60,https://play-lh.googleusercontent.com/a/ACg8ocKK8-Vr5TMOYzQqrQWCJleybZIo6_AsteA-EJjGtpVXC68Qjg=mo,kecewa bos... dana cicil tidak bisa digunakan lagi padahal sudah lunas bayar dana cicilnya,4,0,,2026-09-06 16:31:47,,,,dana
f1f8ebbb-a3f1-41f0-90f1-ea3cb1d8dccf,Surya 080,https://play-lh.googleusercontent.com/a/ACg8ocLerK5xejGinHj0Stku4JIxTHjtE2CM7w3R141zPIHTPym2wg=mo,"aplikasi dana gak memberi kebijakan, kasih fitur dana cicil tpi gak bisa di aktif kan, sumpah gak aplikasi gak berguna",1,0,2.141.2,2026-09-06 16:24:32,"Hi Kak Surya, maaf atas ketidaknyamanannya mengenai kendala limit DANA Cicil yg tdk bisa digunakan/diaktifkan. Untuk pengecekan lebih lanjut, silakan Kakak dapat menghubungi kami melalui DM/inbox sosmed resmi DANA yg bercentang biru/emas dgn melampirkan screenshot kendalanya ya. Thx -DS-",2026-09-06 16:52:14,2.141.2,dana
478fea63-8432-4d06-91d3-37d4e6319cd9,Fazio Fazian,https://play-lh.googleusercontent.com/a/ACg8ocJ820QHrW24iTr2uI-tROKRz0cdCG9C9aNQEIoteFS-iUJExg=mo,baik sekali,5,0,2.141.2,2026-09-06 16:22:20,,,2.141.2,dana
1b4a550e-b651-4032-8bf4-ae80c0331492,meisy enchin,https://play-lh.googleusercontent.com/a-/ALV-UjUj_shHXRonR4xm_XKrl7oNJo8eK_hvndQ11O7ov2XJwrev36I,"Saldo terpotong tapi status pembayaran proses terus. Chat bantuan di aplikasi jg gk membantu, wa dan email jg respon nya malah di oper lagi ke chat aplikasi. tidak respon dan solusi yg jelas",1,0,2.129.0,2026-09-06 16:20:58,"Hi kak. Maaf udah buat kurang nyaman terkait pembayaran di akun DANA yang masih proses, tenang kami akan tindak lanjut. Jika sudah membuat laporan, Kakak dapat menghubungi kami melalui DM/ inbox utk FB @DANA centang biru & X @danawallet centang emas dengan melampirkan bukti screenshot, ya. Tim akan bantu pengecekan kembali. Thx-SA-",2026-09-06 16:44:35,2.129.0,dana
f8c5b189-a7d8-43da-a790-07dcaba2d5a2,Ahmad baydowi (Dowi),https://play-lh.googleusercontent.com/a-/ALV-UjWDqYcmIuN-dYJJ2NxPyVs9-l8-ws_MsE-cevMyris84_j6t0M,dana mantap sangat ngebantu dompet digital saya,5,0,2.141.2,2026-09-06 16:17:44,,,2.141.2,dana
358147df-1510-477e-bdd3-f7ffe1183fac,Yopi Febri,https://play-lh.googleusercontent.com/a/ACg8ocLLrnxhO1JFQ_fyU7BnAyWB_i-iZDNLdHGOUNUdGEC2NFdZTg=mo,terbaik,5,0,2.141.2,2026-09-06 16:14:42,,,2.141.2,dana
6c55ee1f-c3e1-4b9d-89fa-7f33159a6d6e,Sheng Caer,https://play-lh.googleusercontent.com/a/ACg8ocLOIUExhzsyQFMk0m4sWrGEEL2t1OP0FDt4-UgJ8_FiWPYbRQ=mo,gk jelas,1,0,2.141.2,2026-09-06 16:12:24,"Hai Kak, kami mohon maaf ya jika ada pengalaman yang kurang menyenangkan. Jika ada keluhan/pertanyaan seputar apk DANA, agar kami bisa segera membantu, mohon sampaikan secara lebih detail dengan hubungi kami melalui DM/inbox sosmed resmi DANA yg bercentang biru/emas ya. Thx -YS-",2026-09-06 16:40:42,2.141.2,dana
4a73b3ce-6f1e-433f-92e9-2a0a9f2be0f8,Lisasineri,https://play-lh.googleusercontent.com/a/ACg8ocIiSxB3Rj3_kDexMEs1y5jD6V2ZxHe8ergPDtmdCpgilmxl0g=mo,bisa membantu kebutuhan rumah tangga,4,0,2.141.2,2026-09-06 16:10:04,,,2.141.2,dana
00456e8c-2604-47a1-bf10-17cbd7f9f67e,Raden Satria wijaya,https://play-lh.googleusercontent.com/a/ACg8ocKz1A17kGGHodtLHay9Wunx6fjtWcnyTMdnxAi1Bz9HtiYm2Q=mo,bagus,4,0,,2026-09-06 16:08:26,,,,dana
8682fc14-ffda-49b0-8696-8f4f72b31d0d,Ni wayan yogi Supitri,https://play-lh.googleusercontent.com/a/ACg8ocLwHPJt6b-Jcvr1iBd8Jwjd6cnrihqKQ01FBRliNoiQ0M2_rQ=mo,semoga berkembang,5,0,2.141.2,2026-09-06 16:05:23,,,2.141.2,dana
6de1e8bc-8c73-4d12-bd33-8ca2d516bca5,Car 250red,https://play-lh.googleusercontent.com/a-/ALV-UjX12zS2WyXIdtyM29adSHQOKalbiX0S2e25DZhVFjS53H_HIjI,bagus,5,0,2.141.2,2026-09-06 16:04:58,,,2.141.2,dana
cc4fc9fe-95df-47e6-abba-8e1ed2f79b08,ROZALI Nawawi,https://play-lh.googleusercontent.com/a-/ALV-UjXoorRFhCFk0ESdMv7na6leisK5sGbOcNdD7wPLnLc9ig-EbafsGw,tolong tidak bisa masuk aplikasi normal,5,0,2.141.2,2026-09-06 15:59:31,,,2.141.2,dana
9ea53af4-5ca1-4c3d-b480-57327b4129c1,King•Itachi,https://play-lh.googleusercontent.com/a-/ALV-UjXwh7EnKTO9sPQA4cz1ya8TMCBkNZZvK9m_jpKITKMk7tHndds,Aplikasi dana nya bagus. tolong buat pihak dana untuk tidak memakai waktu sesi login karena sangat menganggu,5,0,,2026-09-06 15:58:49,,,,dana
5c2b966e-1c14-4653-a499-5bd40f3dcaff,Sitinur Malasari,https://play-lh.googleusercontent.com/a-/ALV-UjXbCtEK8EA5nWRHYICYcdlhxbP6qGBcNUvdQ4fsrNZlLvBmGqY,"Alhamdulillah selama masih pakai dana aman aman aja,semoga gak seperti orang orang lain yg pernah ke ambil uang dana nya.Cepat dan free kirim TF ke bank",5,0,2.134.0,2026-09-06 15:57:03,,,2.134.0,dana
c798dea3-16be-4f66-904f-cd243dcd3ea5,Mr Heru,https://play-lh.googleusercontent.com/a/ACg8ocIngGHVRcUQIxhltcYS6eSV6GOhJ3wlE5nKwc3-O0FoBf_8uA=mo,bagus,5,0,2.141.2,2026-09-06 15:50:37,,,2.141.2,dana
52fbf420-e0e0-4acb-9b65-91e2bd1d4fda,Pais Ahmad,https://play-lh.googleusercontent.com/a/ACg8ocKiU_GnijoRv97szpa3i8-4Zi0RWc8uHO9MbVSZAXk0hGMShA=mo,sangat baik,5,0,2.141.2,2026-09-06 15:49:36,,,2.141.2,dana
6298d1f9-b7ac-417d-9b5e-5fd0ba4010dd,ickhlas iix,https://play-lh.googleusercontent.com/a/ACg8ocJA3FWTwFwAQAclX48Zc2B1rQ84VdsBWmY1bMXbxvy6qTluhg=mo,"Apk nya di awal pemakaian lancar namun saat ini kenapa gak bisa masuk alasan jaringan,tapi saya buka youtube lancar dan yang lain2nya cuma masuk ke apk dana aja gak bisa tolong jelaskan",5,1,2.141.2,2026-09-06 15:47:48,"Hi Kak, terkait keluhan/pertanyaan yg disampaikan, silakan contact Customer Care DANA ke email help@dana.id agar dpt kami tindaklanjuti ya Kak. Oiya, demi kenyamanan bertransaksi silakan update aplikasi DANA ke versi terbaru yang saat ini tersedia ya. Thanks -TY-",2022-05-22 09:24:14,2.141.2,dana
910a63cc-79cd-4ff8-97e8-f56577d1d1ed,tami Rizki,https://play-lh.googleusercontent.com/a/ACg8ocLOYn2d8RlCHlj-X7p4W_x67eolfbazrZtOc4k422I4WuDrLQ=mo,sukses,5,0,2.139.2,2026-09-06 15:45:23,,,2.139.2,dana
6bedb992-5205-4f70-b36a-ef7fd0474468,Fan,https://play-lh.googleusercontent.com/a/ACg8ocKggcv7rYSDzJBnmbDeGPIqMw8D81WtY71_S9rrQweXeQlgwg=mo,"jangan pake dana, penipu! cs nya aja tidak ramah kata kata kasar dan tidak ada solusi saat kalian ada Masalah.",1,0,2.141.2,2026-09-06 15:42:24,"Hi kak, maaf udah buat Kakak kurang nyaman terkait kendala di akun DANA. Kami akan terus meningkatkan pelayanan agar Kakak merasa nyaman menggunakan aplikasi DANA. Untuk penanganan lebih lanjut, Kakak dapat menghubungi kami melalui DM/ inbox utk FB @DANA centang biru & X @danawallet centang emas, sehingga tim bantu cek. Thx-SA-",2026-09-06 16:52:38,2.141.2,dana
88a4a1f5-3ecd-4bef-8862-c56a57ab9fd8,Nur kholis,https://play-lh.googleusercontent.com/a/ACg8ocItTjjBLa7XRRTw19g7GqvAIv3xokUhNyoZqIN2n35A0bdGHw=mo,bagus aplikasi nya,5,0,2.141.2,2026-09-06 15:40:39,,,2.141.2,dana
a1e9a896-62bd-4e5e-9d72-5d3a0d75ee23,Immanuel Siagian,https://play-lh.googleusercontent.com/a-/ALV-UjX5_maX5bkVEsbiYBaqnEN_xD0-Culs_sOueGQ3XswaX6o0Hgw,entah knp gak bisa transaksi,3,0,,2026-09-06 15:40:17,"Hi Kak, maaf atas kendala transaksi di akun DANA, ya. Silakan coba: 1) clear cache aplikasi DANA, 2) update ke versi terbaru, 3) restart perangkat. Jika masih terjadi, hubungi kami via DM X/Twitter @danawallet atau DM Instagram @dana.id dengan info: jenis & merek perangkat, versi Android/iOS, versi app DANA, serta video kendala ya. Thx-SA-",2026-09-06 16:49:53,,dana
54dead5e-44fc-4e65-a98e-fe4e1de4cd5c,Tatan Tatan,https://play-lh.googleusercontent.com/a/ACg8ocIWeZtKqkRopjv3jURqMC2GPe5PSeYVZHCIZ8iufs6dXrmNXg=mo,tolong dana cicil saya engga bisa pakai KA,5,0,,2026-09-06 15:39:01,,,,dana
0cfde2ca-e816-4232-985a-00f5e15351d5,Rama Jalam,https://play-lh.googleusercontent.com/a-/ALV-UjVnqNxUVKzhSuRLFEC5cvs6BaFksZ6tVJi8A4nt6GOgNgqTRoo,ok,5,0,,2026-09-06 15:38:46,,,,dana
3597bdfb-6563-4453-b298-5f4d98667f89,Arinda Riska,https://play-lh.googleusercontent.com/a/ACg8ocJG6RlZiS4J3ZgIP8cD_k5w55vsLbxx1LZg9sSoRoUbU-iMOw=mo,saya baru instal aplikasi dana tapi saat di buka upgrade ke premium kok gak muncul yaa tulisan nya atau gak bisa.tolong perbaiki min...,2,0,2.141.2,2026-09-06 15:38:28,"Hi Kak Arinda, maaf atas ketidaknyamanannya mengenai kendala upgrade premium yang dialami. Untuk pengecekan lebih lanjut, silakan Kakak dapat menghubungi kami melalui DM/inbox sosmed resmi DANA yg bercentang biru/emas dengan infokan detail dan screenshot kendalanya ya Kak. Thx -YS-",2026-09-06 17:02:01,2.141.2,dana
8321b05c-87af-40d8-8857-c620bd194a55,Muhamad Nur Ikhsan,https://play-lh.googleusercontent.com/a-/ALV-UjVEq-9XBwzyfQRhyRHTHYni27Zucg7ntxmBoxN7B7gGHf4_EXQ,apk jelek...duid saldo kekunci ga bisa dipake.....buat top up game gak bisa masuk akun dana...kan tolol sistem nya sekarang....udah kapok gak mau ngisi lagi saldo di dana..apk scem guys,1,0,2.141.2,2026-09-06 15:38:13,"Halo Kak, maaf atas ketidaknyamanannya terkait kendala masuk aplikasi DANA. Coba hapus cache, update ke versi terbaru, serta restart perangkat dan pastikan koneksi internet stabil. Jika masih terkendala, hubungi kami via DM X @danawallet atau IG @dana.id dengan info tipe HP, versi OS/aplikasi, serta video kendala agar segera kami bantu. Tks-OK-",2026-09-06 19:22:29,2.141.2,dana
332401cf-fecd-4d52-bbc8-d29f957af41e,Rudi Slamet,https://play-lh.googleusercontent.com/a/ACg8ocItC9H_hiVRpb4z5fuGQZXYr3bRsiVMAAIhxQ8g8Pxj2c-fgw=mo,bagus,5,0,2.141.2,2026-09-06 15:36:24,,,2.141.2,dana
e8f2fc26-812d-4815-9f4a-5b24ac068538,Ananda Zaki,https://play-lh.googleusercontent.com/a-/ALV-UjVlMpJpp5Hveq_M0G-n7ye320swK7EDE-DuDw8dUNd_WoPizN8R,Dana gak guna masa saya udah top up tapi malah lanjutkan transaksi ke google. dana rusak dana rusak,1,0,2.139.2,2026-09-06 15:34:55,"Hi Kak Zaki, kami turut prihatin terkait transaksi pembayaran ke Google ya. Sebelumnya kemungkinan pernah berlangganan, sehingga ada pemotongan saldo. Untuk refundnya dari DANA belum bisa ya, kamu bisa hub pihak Google untuk proses refund. Pastikan cek kembali akun terhubung di menu ""Me/Saya"", agar tidak ada pemotongan saldo ya, Kak. Thx -SA-",2026-09-06 16:47:17,2.139.2,dana
210a91cb-5621-40ef-ae08-6d202b0f1c18,Septian Jordi,https://play-lh.googleusercontent.com/a-/ALV-UjU1OGsntBRuloIN3KUX0hqgnDpOgotHEtJsEA27hP6rM_N3mrs,"bermanfaat bagi kita semua, transaksinya cepat",5,0,2.141.2,2026-09-06 15:33:22,,,2.141.2,dana
d5d39cd7-cb73-4ce7-a0c8-029cdc723f4b,Jonas Pelahule,https://play-lh.googleusercontent.com/a/ACg8ocJ3siI2Gc9FYd0WGsMb4mbsd7G9Ddh1YDoS3zWBycZcwFsihQ=mo,inovatif dan memudahkan transaksi dalam situasi bagaimanapun❤️‍🩹 terimakasi dana...,5,0,2.141.2,2026-09-06 15:32:05,,,2.141.2,dana
125f9a74-279b-4c6f-b1a2-0653618765a7,Usman Pando,https://play-lh.googleusercontent.com/a/ACg8ocJYvSd7hLw9eLr3Voz4ajn5gt6ajtEiCBEsfs2aE7RLPAYgTA=mo,bagus,5,0,2.141.2,2026-09-06 15:31:30,,,2.141.2,dana
6320474a-500f-4373-9276-753c8d319095,Keluarga Boba,https://play-lh.googleusercontent.com/a/ACg8ocJFujj3RytirvBF9IzTqBLKENAGoxCQcjqdx5gZZQu1Q58c7g=mo,kenapa saya mau login tetiba mental,5,0,,2026-09-06 15:26:05,,,,dana
ba60e6f9-2aae-4c8e-baa5-ea5e7b316f4d,Jingga Caem,https://play-lh.googleusercontent.com/a/ACg8ocLQBIW_k5kmhWdghvRy2fJdc0hoPdJilV4ErRFOSW1qTAMJQQ=mo,bagus sekali,5,0,2.141.2,2026-09-06 15:24:52,,,2.141.2,dana
c6aca593-a95d-49f4-90a7-bf0da2daa47c,Nur Mukmin,https://play-lh.googleusercontent.com/a/ACg8ocL7522Z6vJzz4I0ljrUqdmAY0da8eSebtRWX5uMXQEsU_YYZA=mo,bagus,5,0,2.141.2,2026-09-06 15:22:54,,,2.141.2,dana
c7932b2b-fddb-4eaa-9282-049f8e2e27b8,Keyla Keyla,https://play-lh.googleusercontent.com/a/ACg8ocI9K5Z5LN6xNslgt1v6OSJWlA3hjlfl8oWKcs-8a-j3XAGymg=mo,ok banget aplikasi nya,5,0,2.141.2,2026-09-06 15:21:22,,,2.141.2,dana
82111bac-4b02-4040-b4f6-ab14efb7a7e5,Silembang Pata,https://play-lh.googleusercontent.com/a/ACg8ocLyVc51J6m4cFmN_9hSoOvNEBSNwOZ7fBP93SgNrdkRU-N-OA=mo,baik,5,0,2.141.2,2026-09-06 15:20:55,,,2.141.2,dana
08d85a10-226c-48c2-99db-fd8ceefe7af7,Rico Syam,https://play-lh.googleusercontent.com/a/ACg8ocJAxa-TZFFR291e8BkvIwh_s_L-v3oxb3uQ200iJBoSNdxmjg=mo,"dana cicilnya aneh limit tersedia dana tersedia tapi kalo mau melakukan transaksi, pilihan dana cicilnya tidak tersedia dia, kalo memang gak mau ngasih saldo sama limit nya di hapus aja, bikin kesel orang aja",2,0,2.141.2,2026-09-06 15:19:45,"Halo Kak Rico, kami mengerti keluhan Kakak terkait DANA Cicil yang tidak bisa digunakan. Agar kami dapat bantu berikan solusi yang tepat, segera hubungi kami melalui DM Ig/Fb/X resmi DANA yang bercentang biru/emas dengan lampirkan screenshot kendalanya ya. Tim Kami pasti akan bantu kendala Kakak sampai tuntas. Tks-OK-",2026-09-06 15:38:19,2.141.2,dana
da342962-95d2-4ad0-b8b0-8b73e02c28f8,Chrl Anwar,https://play-lh.googleusercontent.com/a-/ALV-UjWN_cvNRrtGeEcaUSiSg85d8GZ2pGotlZVfrdDwwqNM5XxkSpri,"Terima kasih dana, telah banyak membantu, smoga sitem pengiriman dan penerima lancar jaya, dan tidak ada kendala apa pun.. TERIMAKASIH",5,0,2.140.0,2026-09-06 15:19:03,,,2.140.0,dana
18b8ef63-d427-4f76-8473-5ab17a1b4f23,Mama Hafiz,https://play-lh.googleusercontent.com/a/ACg8ocKxPtxJb3YnESMYWy8ukruGjL5jBquaMoTSmuzzR8GMHpsu6A=mo,cukup,4,0,2.141.2,2026-09-06 15:17:28,,,2.141.2,dana
c85d5698-ddeb-4e9e-99be-3b9770910ee0,dede cemplo,https://play-lh.googleusercontent.com/a-/ALV-UjUu4piQhrPireeV0gjLymSqdBrdxc73UMP27nynvSB0ylZ1Hm6Y,kurng,2,0,2.141.2,2026-09-06 15:16:23,"Halo Kak, maaf jika ada pengalaman yang kurang menyenangkan. DANA berkomitmen untuk selalu memberikan solusi sesuai kebutuhan pengguna. Jika Kakak ada pertanyaan/keluhan terkait penggunaan aplikasi DANA, silakan hubungi kami melalui DM Ig/Fb/X resmi DANA yang bercentang biru/emas, tim Kami akan bantu. Tks-OK-",2026-09-06 15:34:29,2.141.2,dana
57dec46c-9415-443a-9809-e8780238b030,Sandi Nugraha,https://play-lh.googleusercontent.com/a/ACg8ocLkELsCsL6jNbJm8ty0X2BzIykgTo5hx0D8W5h3IiIK2KWfMw=mo,kenapa dana gax bisa lihat bukti transfer ada apa,4,0,,2026-09-06 15:15:51,,,,dana
2a15b4ad-d240-4da6-adf9-9f4d8aa6b247,Hasan Nasrulloh,https://play-lh.googleusercontent.com/a-/ALV-UjX-d9umRUU433eacsw0TQirBrQGUCzse6jV9glFF9NYyayW2mg,sering kepotong gak jelas sama google,1,0,2.136.1,2026-09-06 15:13:57,"Halo Kak, kami paham kekhawatiran atas transaksi Google tidak dikenal. Hal ini bisa terjadi jika Kakak pernah berlangganan dengan metode bayar via DANA, jadi saldo terpotong otomatis. Untuk refund, silakan hubungi pihak Google. Agar terhindar kembali, silakan lakukan pemutusan akun di menu Me/Saya, klik akun terhubung, lalu klik hapus. Thx-DA-",2026-09-06 15:44:21,2.136.1,dana
f5fb8c06-965d-431d-8e92-236ffa7fbfac,Anas Tk,https://play-lh.googleusercontent.com/a/ACg8ocKncSZL6F70vEu0RAtO-dQKI9pjoTT1tm1WStUTmhWemdVFrQ=mo,bagus,5,0,,2026-09-06 15:12:15,,,,dana
4508fdeb-1a70-4b6f-8f89-f658d4ebddc0,Zenn,https://play-lh.googleusercontent.com/a-/ALV-UjVawDEM9kDFtu4RaHeEc45CUg0JgxQyO8XG9XXg1Ef3HFFgm6U,"jujur ngerasa cape sama dana, mau tarik uang didana bisnis ngestuck trs, mana lag i butuh, tolong update jgn berat biar bisa dipake dihp hp low version",1,0,2.125.3,2026-09-06 15:11:15,"Halo Kak, maaf atas ketidaknyamanannya terkait kendala tarik saldo DANA Bisnis. Coba hapus cache, update ke versi terbaru, serta restart perangkat dan pastikan koneksi internet stabil. Jika masih terkendala, hubungi kami via DM X @danawallet atau IG @dana.id dengan info tipe HP, versi OS/aplikasi, serta video kendala agar segera kami bantu. Tks-OK-",2026-09-06 15:44:20,2.125.3,dana
057ce64f-1422-4771-8bec-c6799cecb85b,Hari Ini,https://play-lh.googleusercontent.com/a/ACg8ocKUWgQiyhBuXsSN0LoIICwYShEiwN3n2HDiW_mbQiovFcc0Eg=mo,apk. apa ini??? katanya bisa memindahkan akun ketika dicoba nggk bisa. hapus aja. apk. bosss nggk guna jg. sudah saya kirim email + ss. tapi nggak ada respon. sudah dm by IG.,1,0,2.141.2,2026-09-06 15:10:31,"Hi Kak, maaf ya bikin ga nyaman mengenai kendala gagal pemindahan akun. Apabila sdh ada nomor laporan segera infokan nomor laporanmu di DM/Inbox sosial media resmi kami: Instagram: @dana.id (Centang Biru) Twitter/X: @danawallet (Centang emas) Facebook: @DANA (Centang biru) Kami bantu hingga selesai Kak. Tks -IR-",2026-09-06 22:15:44,2.141.2,dana
fac432af-9a29-489c-8348-c39aaa405ed6,Gilang Sandi,https://play-lh.googleusercontent.com/a-/ALV-UjUZdDoPEcY-cR1-UvyrLPjlVGVvkmXf_KG7f8D9gYkKGzTmvFrH,mines di elu cuman pas updet dana disnis eror gajelas mending kaya dulu lwak bet,3,0,2.141.2,2026-09-06 15:09:33,"Hi Kak Gilang, maaf atas kendala yg dialami pada DANA Bisnis. Untuk pengecekan lebih lanjut, silakan Kakak dapat menghubungi kami melalui DM/inbox sosmed resmi DANA yg bercentang biru/emas dengan infokan detail dan screenshot kendala yang muncul ya. Thx -YS-",2026-09-06 16:10:45,2.141.2,dana
a0234b63-6820-4d61-a1e8-058b1f1a8c85,akhyar indah taman,https://play-lh.googleusercontent.com/a-/ALV-UjUfS_8XSOEnIYAEKqU71qsxxOFgmFfFdS7uaKpx2h5hUbVVp5Sx,tiba tiba ga bisa masuk dana,3,0,2.141.2,2026-09-06 15:08:41,"Halo Kak Akhyar, maaf atas kendala login. Silakan coba: clear cache app DANA, update ke versi terbaru, restart perangkat & pastikan jaringan stabil. Jika masih kendala, hubungi kami via DM X @danawallet/DM IG @dana.id dengan info: jenis & merek perangkat, versi Android/iOS, versi app DANA, serta video kendala. Thx-DA-",2026-09-06 15:36:02,2.141.2,dana
cccc3ee9-c770-446f-b2cc-c7ce2dbf8b9c,Jamaluddin kamil,https://play-lh.googleusercontent.com/a/ACg8ocI2oUbM-c-c1F3k0-n70Buk_kf8Wz3t1Es1jPYv8iD3r0VNQQ=mo,sangat membantu,5,0,2.141.2,2026-09-06 15:07:40,,,2.141.2,dana
2c220db6-974e-4d8b-ae90-2551f05531e9,raja Epep,https://play-lh.googleusercontent.com/a-/ALV-UjWojAhkKaqSg9ofo_HEU0DjByAbfDVtXvf_9rEN8zrHSZyHA-DN,bagus. cepat,5,0,2.141.2,2026-09-06 15:05:13,,,2.141.2,dana
a4b76cbe-f0f5-4f63-89ff-f5fc9dca14de,Aurel Hakim,https://play-lh.googleusercontent.com/a/ACg8ocKFk0Xhhnbxc_SbSLww38f1Kw77TGdL2c2EKDdClFT3wV4x8Q=mo,"tiba tiba ada transaksi tanpa saya ketahui ke wps padahal saya tidak pernah melakukan itu, mohon kembalikan uang saya!",1,0,2.141.2,2026-09-06 15:04:56,"Halo Kak kami paham kekhawatiran terkait transaksi WPS yg tidak dikenal. Hal ini bisa terjadi jika Kakak pernah berlangganan dengan metode bayar via DANA, jadi saldo terpotong otomatis. Untuk refund, silakan hubungi pihak WPS ya. Agar terhindar kembali, silakan lakukan pemutusan akun di menu Me/Saya, klik akun terhubung, lalu klik hapus. Thx-DA-",2026-09-06 15:42:12,2.141.2,dana
3d0b123d-abd5-4b39-affd-7b1862d9f68e,Azis Dg ngemba,https://play-lh.googleusercontent.com/a/ACg8ocJanaO7Of-5XxvY4R8sUG1lwOR_vbcRWt0lW2ueERbXrCyuUw=mo,mantap pake dana,5,0,2.141.2,2026-09-06 15:01:22,,,2.141.2,dana
ea03b101-0f67-4894-9480-4746848c52e2,Selvina Trinofri,https://play-lh.googleusercontent.com/a-/ALV-UjWSeXteg14ZyQ2PADv6WIkl5CcvbT2O2tMpA6qsbW77dOMwmxQ,sumpah duit gw di kirim ke akun dana tapi gak pernah masuk anj bgst lu semua akun gw kasih bintang 1 ni aplikasi lu fikir duit kecil yg hilang dari dana ini,1,0,,2026-09-06 15:00:14,"Halo Kak Selvina, mohon maaf buat Kakak khawatir terkait saldo yang belum diterima. Untuk pengecekan lebih lanjut, silakan lampirkan bukti transaksi yang dikeluhkan melalui DM/Inbox medsos resmi DANA yang centang biru/emas. Tenang saja, saldo Kakak tetap aman, akan kami bantu dan pastikan hingga tuntas. Terima kasih-DA-",2026-09-06 15:39:33,,dana
7948b222-e726-44c0-93a7-f4943502cbd2,Ganjorr Yuwono,https://play-lh.googleusercontent.com/a-/ALV-UjVlQjCT-VpmHmECxLAIvEBSN9hvqMKdwvYavTx9iRKIzFPAZBlE,Yunies yunies,5,0,,2026-09-06 14:58:01,,,,dana
1667eb62-3e03-42d9-bd22-d571b0998336,Elisa Putri,https://play-lh.googleusercontent.com/a/ACg8ocIVdQLrTKNk_e7UyHkEvVT16mdRnkoWlaUPjktAfL-1xjMdgg=mo,bagus,5,0,2.139.2,2026-09-06 14:57:42,,,2.139.2,dana
d2e0ed95-2cc2-4ec7-a8ca-0a55f0a61990,Konek Nyangut,https://play-lh.googleusercontent.com/a/ACg8ocLjU2DbG-cGiFEx2JhRPOeTp8LPg1e4evmrumSxOU2JjIyvUQ=mo,Okee,5,0,2.141.2,2026-09-06 14:46:20,,,2.141.2,dana
4619bb73-3434-4f94-8379-4892f1fbafc0,Milala Sbr,https://play-lh.googleusercontent.com/a/ACg8ocL1ZVUiA1qV5ozXg9apWkOXr3IFUbcg1an96AcHQ2k4MuBmZw=mo,mantap,5,0,2.140.0,2026-09-06 14:44:17,,,2.140.0,dana
01c22f5c-0935-491f-bfad-0d7b26337244,Deri Lesmana,https://play-lh.googleusercontent.com/a-/ALV-UjWpPib_wNc0KbGYl1wDDhrBLqfO3H64g8jjsgXe9M6Vpi9Wwgk,bagus,5,0,2.141.2,2026-09-06 14:43:34,,,2.141.2,dana
905cc632-7e5e-4ffb-8840-94cdf7586bf5,Rici Putra,https://play-lh.googleusercontent.com/a/ACg8ocLB6BmWhDUtOY23yb9v1ZlMVSJh8HwEisVRQDac3oaSwPQYjw=mo,mantap,5,0,2.141.2,2026-09-06 14:41:41,,,2.141.2,dana
a95f6c7d-78a5-42a2-8dc7-a9f749353230,Amang Kekar,https://play-lh.googleusercontent.com/a/ACg8ocKTKibFaxiudltpDIb29nOxD_yQYkYew4-gy072n1nQ4XPL1A=mo,"saya sangat menyukai aplikasi dana, tapi kenapa fitur dana cicil masih dalam antrean padahal sering bertransaksi dengan dana, yang membuat tidak adil orang lain membuat akun dana langsung bisa membuka fitur dana cicil, saya sudah 5 tahun lebih, saya sangat kecewa, saya pilih bintang 5 agar di baca oleh pihak dana, kami mohon bantuanya dana cicil sangat membantu bagi kami.",5,0,,2026-09-06 14:41:33,,,,dana
a83ddf89-6d40-4b92-a11a-c9f11d1ff2ae,Audina Laya,https://play-lh.googleusercontent.com/a/ACg8ocK3s7STH4wWdKYvSzVdIjUtT_snL5XO0VjT0cDjyf-OqNy89w=mo,oke,5,0,2.139.2,2026-09-06 14:40:05,,,2.139.2,dana
0cbdbd66-e962-438d-995d-53d3a3982feb,irsyad naufal,https://play-lh.googleusercontent.com/a/ACg8ocLo1M-j5djLt8lAFxYhiveuVmpaUOida-DW2wWUFxSTMa_hEg=mo,jelek najis proses terlama ribet banget pake sim bayar pas mau bayar ada aja halangannya dan satu lagi ga semua proses dana harus upgrade kaya kirim ke temen ngapain upgrade si ribet proses nya juga harus butuh 3 samp 2 hari kelamaan ga semua harus premium,1,0,,2026-09-06 14:37:26,"Halo Kak, maaf atas kendala saat upgrade DANA Premium. Kami infokan, verifikasi (upgrade) ke DANA Premium untuk fitur Kirim Uang merupakan regulasi resmi dari Bank Indonesia guna menjamin keamanan transaksi serta mencegah penyalahgunaan akun. Jika ada kendala, silakan lampirkan screenshot nya di DM/Inbox sosmed resmi yg centang biru/emas. Tks -IR-",2026-09-06 22:14:10,,dana
e8bb0328-535f-4307-8fe8-51d41d9dca5c,Arow Koleksen,https://play-lh.googleusercontent.com/a-/ALV-UjXEUp391yxbJhOltAQCh53QC8o-R3XrMtjpJ2BZy2WNt_W13kVB,mantep,5,0,2.139.2,2026-09-06 14:35:47,,,2.139.2,dana
efa074a8-a2ed-4a5e-a1bc-f82846b4ef99,jjuhyar jjuhyar,https://play-lh.googleusercontent.com/a/ACg8ocKXUFFFIku4-ODBVMy-e8szZc6axnNEiP1yqcBBXj0vPYE2Bg=mo,dana intan blom muncul,5,0,2.141.2,2026-09-06 14:35:32,,,2.141.2,dana
588a3f1d-9534-4cba-a6a9-f6142f021d15,Edi Sunaryo,https://play-lh.googleusercontent.com/a/ACg8ocImLjBIFpMbHeaXFwxRgp3egFzGRdteRdVINTum8TnwpyrJEw=mo,balikan tanpilan dana bisnis kya semula min,3,0,2.141.2,2026-09-06 14:34:45,"Halo Kak, maaf atas kendala saat akses DANA Bisnis. DANA tdk ada eror ya. Mohon kesediaannya lakukan clear cache aplikasi DANA dan pastikan jaringan stabil serta coba secara berkala. Jika masih terkendala, silakan dapat lampirkan bukti kendala di DM/Inbox sosial media resmi kami yg centang biru/emas ya agar bisa kami bantu lebih lanjut. Tks -IR-",2026-09-06 22:10:17,2.141.2,dana
73d28740-7cc5-4fc4-bcb0-f66ff8aad2ca,Ridho Cakem,https://play-lh.googleusercontent.com/a/ACg8ocJTRI17AFmxgf2k8eBijrOdqOH88y-YJIkVu2nKQc4pOpjueA=mo,"apaan? limit dana cicil naik terus tapi gak bisa di pakai, PHP juga ini dana",1,0,,2026-09-06 14:34:14,"Halo Kak Ridho, kami mengerti keluhan Kakak terkait DANA Cicil yang tidak bisa digunakan. Agar kami dapat bantu berikan solusi yang tepat, segera hubungi kami melalui DM Ig/Fb/X resmi DANA yang bercentang biru/emas dengan lampirkan screenshot kendalanya ya. Tim Kami pasti akan bantu kendala Kakak sampai tuntas. Tks-OK-",2026-09-06 15:39:56,,dana
27798de4-ca22-4aef-bab7-1dd291ad815f,Yoga Bara,https://play-lh.googleusercontent.com/a/ACg8ocISjkHIA0cY-mb40UMvd_3ZMKbaLrDBhElrpeEfFe33pVV_bg=mo,"transaksi hampir setiap hari pengeluaran dan pemasukan besar perbulan,tapi giliran ada dana cicil eh malah GK bisa dibuka fiturnya padahal yg lain hampir GK pernah bertransaksi di dana malah di lolosin gimana sih ini admin dananya pada mabuk kali ya",5,0,2.141.2,2026-09-06 14:32:32,"Hi Kak, kami paham apa yg Kakak rasakan terkait fitur DANA Cicil, silakan ikuti cara ini jika menunya sudah ada di beranda: 1. Buka menu DANA CICIL. 2. Setujui S&K. 3. Klik Aktivasi Sekarang. Jika menu belum muncul, fitur ini berarti belum tersedia di akun Kakak karena masih dirilis secara bertahap. Mohon kesediaannya menunggu ya. Thx -NA-",2026-08-11 23:09:05,2.141.2,dana
7e109fc4-f48d-468b-82ae-0ac1fd457efd,Shaquilla Ward,https://play-lh.googleusercontent.com/a/ACg8ocJtisN567ZW4Vjm6wjx-f50bCl41pUyHbhWQRz5UiJOPqNvkQ=mo,apk tidak bisa masuk kedalam akun alesannya jaringan tidak stabil bal BLA BLA pdhal jaringan lancar saja,1,0,2.141.2,2026-09-06 14:32:17,"Halo Kak, maaf atas ketidaknyamanannya terkait kendala masuk aplikasi DANA. Coba hapus cache, update ke versi terbaru, serta restart perangkat dan pastikan koneksi internet stabil. Jika masih terkendala, hubungi kami via DM X @danawallet atau IG @dana.id dengan info tipe HP, versi OS/aplikasi, serta video kendala agar segera kami bantu. Tks-OK-",2026-09-06 15:35:51,2.141.2,dana
3c2c05c2-2c1f-4d1a-8451-fb7d5ecb9e45,nurun nujum,https://play-lh.googleusercontent.com/a-/ALV-UjWDw6bS5u3yOrShzhktgL0T_1xx_LvoGh6ucUv4d-c0qu-mv5_i,bagus sekali dan memuaskan,5,0,2.136.1,2026-09-06 14:31:26,,,2.136.1,dana
ce8be653-f145-4566-b628-7693478505cf,Deni Febriansyah,https://play-lh.googleusercontent.com/a/ACg8ocJhPfeBqL5NPstDVerqeFGDVjQhMm_926lJ3x1uCpVSme3bwQ=mo,baguss,5,0,2.141.2,2026-09-06 14:29:50,,,2.141.2,dana
ad31842a-79a6-475d-a52f-ca83277c6f01,VILENLAY,https://play-lh.googleusercontent.com/a/ACg8ocLP6grTBMiHT7I3YfD7fOVzW0cKJ26GtQYS_I_K0x9y4jr6iQ=mo,sengaja saya kasih bintang 5 biar bisa di lihat semua org yg mengunakan dana duit saya hilang 200rb di dana tolong lah dana ada apa ini ???,5,0,2.141.2,2026-09-06 14:29:20,,,2.141.2,dana
421c899b-7532-454a-aff4-cfa25d3bca37,Myssin Sungailiat,https://play-lh.googleusercontent.com/a/ACg8ocJecxnCqtUYyWdE9VytMVrThU75HzBMpItZjoqTq51osdYQ4g=mo,Suka,5,0,2.127.0,2026-09-06 14:29:13,,,2.127.0,dana
dac27522-08da-48c9-80e4-a2e1c1129ad2,Dede Tihe,https://play-lh.googleusercontent.com/a/ACg8ocICwq3uNXIvyQ3bhT0m6XFSSejhp_ILZdXd4EEdENCNSHZLeA=mo,sangat bagus,5,0,,2026-09-06 14:28:12,,,,dana
3b60347b-15f7-4537-92ca-07eb54a37210,Tri Utami,https://play-lh.googleusercontent.com/a/ACg8ocINu9slyIjya7NUhkHPp9uI0aXV87Q0iXR1leuWQtoCzTfJQQ=mo,"setelah diupdate versi terbaru saldo dana bisnis saya malah tidak nampak. ntah kemana larinya, padahal saldonya masih banyak belum ditarik😔",2,0,2.141.2,2026-09-06 14:27:46,"Halo Kak, maaf atas kendala saat akses DANA Binsis. DANA tdk ada eror ya. Mohon kesediaannya lakukan clear cache aplikasi DANA dan pastikan jaringan stabil serta coba secara berkala. Jika masih terkendala, silakan dapat lampirkan bukti kendala di DM/Inbox sosial media resmi kami yg centang biru/emas ya agar bisa kami bantu lebih lanjut. Tks -IR-",2026-09-06 22:08:39,2.141.2,dana
a005b604-52f9-408e-a4f8-5716326d8b7c,Novrans Coga,https://play-lh.googleusercontent.com/a-/ALV-UjVc2hg9sbEZSwaCqjwUYKN9OHR7smRKpPxpFo7qdc5c0vQu5oIS,dana instan bermasalah payah,5,0,,2026-09-06 14:26:03,,,,dana
6ed8a00d-24bb-49d1-90c7-d28046a851b1,Boy saragih,https://play-lh.googleusercontent.com/a-/ALV-UjXYLOavC-bbgcq0QaGZ6VdYjSJ05Y9HHOvhHURPNO4r-VYqKg,trima ksh dana smga lancar sukses.. playanan nya 🙏,5,0,2.140.0,2026-09-06 14:25:34,,,2.140.0,dana
bdd531e0-80da-4e1a-a5e4-a9dc498775d3,adriell kiaaa,https://play-lh.googleusercontent.com/a-/ALV-UjXilTzm0qwtmc2hElmBvdeWGgfoxN9gnjISZ3XdUFNCZWRIzb73,mantap,5,0,2.139.2,2026-09-06 14:24:16,,,2.139.2,dana
442a61b1-465b-460a-9d6e-8c615ee2bd82,Yusri Cell,https://play-lh.googleusercontent.com/a/ACg8ocKRazjN4hdQndm4LlD3JyC3NDFJdDAaM2d5-mbrsRhRCvaxpg=mo,"ingin meng nonaktifkan akun,data kita sendiri gak cukup,harus ada data satu Indonesia baru cukup dan puas,itu alasan nya, padahal mau di persulit dan di permasalakan, padahal data kita lengkap tapi data juga yang di minta,oh dana aplikasi tanpa penyelesaian",1,0,2.141.2,2026-09-06 14:21:56,"Halo Kak, mohon maaf buat enggak nyaman terkait penghapusan akun DANA Kakak. Jika sudah melakukan pelaporan, silakan informasikan nomor laporan Kakak melalui DM/Inbox medsos resmi DANA yang centang biru/emas. Kami pasti bantu semaksimal mungkin hingga tuntas. Thanks-DA-",2026-09-06 14:28:27,2.141.2,dana
e09bd9ae-4a4b-4b98-870c-15372f31540e,Galang Galang,https://play-lh.googleusercontent.com/a/ACg8ocIiYllEVtPhHLpyKOGKT7Fvi813ETlElBPvotfyqjq0rKmu=mo,sangat cocok bagi yang berminat silahkan hubungi operator dana,5,0,2.141.2,2026-09-06 14:20:55,,,2.141.2,dana
35b85e16-dc89-4180-961b-1d7d15528b57,Guus hadi,https://play-lh.googleusercontent.com/a/ACg8ocJu68kr82LHSpdwH1RENk-_gNGI8Azt2lGq4Xw3LHCCE6y0kQ=mo,sangat memmbantu,5,0,2.141.2,2026-09-06 14:19:59,,,2.141.2,dana
79673436-8d96-415c-8c3b-699b3538c90b,KATINAH,https://play-lh.googleusercontent.com/a-/ALV-UjXIK3hgJY_rpOcnTtFCG8t_f4CYNVOGxDa1E-A-rP_siZLdfnI,"Praktis oke berguna fiturnya, program & internalnya lebih fleksibel dipakai, bebas iklan, bug, ataupun lelet, cepat bila dijalankan & mengakses smua menu2nya. Tapi di sayangkan pernah juga dipakai terkadang agak"" sulit membukanya pas saat koneksi lagi buruk / tidak stabil, terkadang perputarannya lambat banget dan cuma berputar-putar saja. mungkin cuma hal yang biasa terjadi di apps ini dan yang lain-lainnya sesuai pengalaman transaksi sukses,, masukan tuk perkembangannya dibenahi segalanya.",5,0,2.141.2,2026-09-06 14:18:51,,,2.141.2,dana
ae0314ed-81a7-461b-964e-59b10d5a81f3,Maknun Lu'luil,https://play-lh.googleusercontent.com/a-/ALV-UjU2iossOqQuevJPyzreTmplSL5wwM1MUTEmbhhNBGdhcIfKF9c,"bagus baik, saran ya mungkin bisa ditambah password diawal mau membuka aplikasi supaya lebih aman dan terjamin keamanannya.",4,0,2.140.0,2026-09-06 14:18:12,,,2.140.0,dana
f20566e4-6ba0-48c3-a502-ce5f4b726589,Derti Earti,https://play-lh.googleusercontent.com/a-/ALV-UjWPFg55DQJTXKWtjJ0kczqJz_MDUg_3TFOSznLlGvnzGZ_dB9A,"dompet paling parah rating bunga rendah, semakin hari bukan, semakin bagus semakin parah gak guna pindah dompetv lainya bikin kapok pakai ovo mahal susaah di persulit",1,0,,2026-09-06 16:58:34,,,,ovo
c41c4672-e290-4fa4-a962-3ef47420a798,Stiv Sumual,https://play-lh.googleusercontent.com/a/ACg8ocKmkdVzMDu4tf9olOKuAyA2PvxnqrqnBi5DNmNVmaP5XExR-g=mo,app jelek banget.. aku ganti hp malah ngak bisa login,1,0,,2026-09-06 16:54:07,,,,ovo
3cb3c3d0-7865-4624-b52f-69e6cf1e9534,Rasidat 90,https://play-lh.googleusercontent.com/a/ACg8ocJswtS35XYcM9XGeB8dwTB2-g-ngEI2Ns3FLDjttQsTafJK6Q=mo,aplikasi parah top up transfer kena admin mahal ganti no tidak bisa parah banget sumpah Ovo paling jelek mending walet lainya benar dompet paling rakus,1,0,,2026-09-06 16:50:48,,,,ovo
0f9f728b-6990-4b69-b523-3eef85dd6707,Sangu Akeul93,https://play-lh.googleusercontent.com/a-/ALV-UjU9jRbpIPp3BzKAmTQM7w0oSepFZUvWhKXiwj9fao7g-lHUe9Ob,"penutupan akun paling ribet, harus ada bukti percakapan lah, bukti transaksi lah, bego. kalau akun ovo saya sudah diretas. gimana saya mau ngasih bukti percakan obrolan, sedangkan saya tidak tau yg meretas akun ovo saya, bener2 gila emang ovo, banyak persyaratan nya",1,0,3.121.0,2026-09-06 16:47:32,,,3.121.0,ovo
69f9c27d-ce73-4669-9daf-60506e1b4a93,RICKI RENALDI,https://play-lh.googleusercontent.com/a-/ALV-UjU3gPywXfRLvGJawJUzBecgR6vqQB9-rFpONbIBH4_F5sd6pNS8,udah top up di brilink mahal pas masuk ke ovo kena potong lagi goblog bgt ajg,1,0,,2026-09-06 16:35:09,,,,ovo
14f79c7c-cb98-484d-bfc0-3be87ef4c493,atep andriyan,https://play-lh.googleusercontent.com/a/ACg8ocLWEk_P22NiSz3pDLiZkj8pALklRXkkBdvmSmPkOgMJ-E0Xww=mo,ini gimana saya beli paket di Telkomsel bayar pake apk ovo selalu gagal terus gimna ini pihak ovo ada saldo saya di ovo gak bisa digunakan,1,0,,2026-09-06 16:14:41,,,,ovo
684fc2fe-0afa-4794-9401-ee385e8edb8f,rnsyanrfzri,https://play-lh.googleusercontent.com/a-/ALV-UjWjrwspK7v8ffFYBG1LvOJCYLlmMbSviS-eg7ZhIRor-u__-woZ9A,butut,1,0,3.168.0,2026-09-06 16:14:23,,,3.168.0,ovo
1ac2df58-eb53-42ff-ae2d-d0725c1fe35f,Opa Mustopa,https://play-lh.googleusercontent.com/a-/ALV-UjXRpUP-_0ORlTnyZasXJQRjaj716hEIoiZsN28DdZUKBQYCZmCB,"sangat sangat kecewa.....Saldo ovo tiba2 masuk ke ovo nabung, dan pas mau diambil ada notif hp anda tidak kompatibel dgn ovo nabung.....ribet amat ovo benar2 kecewa",1,0,,2026-09-06 16:08:37,,,,ovo
fdbb4c72-a52d-4262-b358-bba68dac3ab9,Matori man,https://play-lh.googleusercontent.com/a/ACg8ocLOSAmbMHewlJRiavHd7wH7onD43wyVzycuDrNK_5zfdwHG3w=mo,aplikasi tidak dapat upgrade akun karena akun di hp lama belum dihapus kenapa beda banget sama gopay contohnya asalkan verifikasi sudah terpenuhi aplikasi langsung dapat digunakan penuh di hp baru... sangat mengecewakan,1,0,3.120.1,2026-09-06 14:57:30,,,3.120.1,ovo
ad474b00-f1e6-4870-a2f1-0a01925042ce,Zainal Mustopa,https://play-lh.googleusercontent.com/a/ACg8ocK7QgjFJz3UapOujQM9a3GQddpbyBlm1C395EqCsfY9ABokcg=mo,ovo gangguan atau apa sumpa saldo gua ada di dalem ko harus login ulang mana lamaaa,1,0,3.168.0,2026-09-06 12:55:00,,,3.168.0,ovo
570d0c36-2b39-48af-b398-268d37c757f9,Rafael Nainggolan,https://play-lh.googleusercontent.com/a/ACg8ocKlHP5XEriE8_MYI1oZVBGdzxoJpnSiMplrgxFkO8X9G2CBCQ=mo,sering error dan gak bisa masuk.,5,0,,2026-09-06 12:39:08,,,,ovo
58d9e050-11be-400e-a9b1-63e4da3a52ba,Julia Iskandar,https://play-lh.googleusercontent.com/a-/ALV-UjXJuHbKDYLnTYyFopwr-0B9Qse99iGruSK6_80smi0SZZSSMugU,"ngga suka bgt apk yang langsung sedot saldo perihal langganan, minimal verivikasi kode dlu deh",1,0,3.168.0,2026-09-06 12:09:54,,,3.168.0,ovo
c62dd854-63bc-4a08-9a9f-73bfc8f00bdf,Dani Ramdani,https://play-lh.googleusercontent.com/a/ACg8ocIYVJEiuqnD5C_nJxAxYqlSKHCU7nVQY4tRrSBnR6w9rkmldw=mo,dana gw nyangkut di ovo ini perusahaan ovo tutup aja dah apk ga guna di pasang di paly store lu bikin apk ovo ngeruguiin warga Indonesia kalo lama lama gini saldo orang banyak ketahan perusahaan ovo bisa bisa di demo,1,0,3.168.0,2026-09-06 10:38:26,,,3.168.0,ovo
7d3f734e-9a75-4ff5-b3fd-48357f41fa05,Syahrul Ardi,https://play-lh.googleusercontent.com/a/ACg8ocJqmvpxchCYM3a_HsITqF8hmhnfll2k7Ygq34xbxEJOi2UN2w=mo,"ovo lagi kenapa siii, gua bayar angsuran masih proses aja udah 2 hari, katanya 24 Jam kalo belum terkirim nominal duit bakal dibalikin,ini kaga anjir , gimana si ovo",1,0,3.168.0,2026-09-06 10:35:53,,,3.168.0,ovo
e09f2a83-6429-4e5f-b2e6-c1f2e84439ec,Ms As,https://play-lh.googleusercontent.com/a-/ALV-UjWHonGgCd1dRM-38lcqjlwkG2CIKEwVaAtfSPCcZzTBfDGclfU,good,5,0,3.168.0,2026-09-06 10:22:36,,,3.168.0,ovo
a94c605c-60e2-4281-817e-34d2403853e6,Sukma Awake,https://play-lh.googleusercontent.com/a-/ALV-UjU2GG9diK7lNwAB6MdwjNdzfFMgR-2e5mnU6RZtKqAdy8fWaLYc,"UNTUK YANG AKUN NYA TERBACA DIMODIFIKASI, BISA MEMATIKAN OPSI PENGEMBANG DI PENGATURAN HP.",5,0,3.168.0,2026-09-06 09:33:41,,,3.168.0,ovo
324f4128-c553-46c9-bedd-3a4e0d8cef17,Reza Winanda,https://play-lh.googleusercontent.com/a/ACg8ocKvopalKHbZxYfkWEk4cYmdl1qnecISRK1OOL3cvO57vdhjtA=mo,"apk kntl, mau lihat saldo ja gk bisa, apa perlu uninstal ini apk anj, tolong dibenerin tu develover nya anj",5,0,3.168.0,2026-09-06 09:33:23,,,3.168.0,ovo
1e9905bc-5da1-4a5b-924b-789ea6fefdec,Seputar Dunia,https://play-lh.googleusercontent.com/a/ACg8ocJRmMeFi61U1IrXRplX3Uzc4l_X74HHvUm99vKO6gPN3UCWMw=mo,respon keluhan lewat email atau DM sosmed lama,1,0,,2026-09-06 09:16:16,,,,ovo
8bae5fab-6d7a-4d37-ad05-1db929b6423e,jaong putra,https://play-lh.googleusercontent.com/a/ACg8ocLUHBzIW3zP-F9QdjsB7d9ILcsQTfTsun0_vLSgaI84MHkz_Q=mo,"mau ganti nomor ke nomor yg baru karna nomor yg lama udah gak aktif, tapi selalu gagal. ke pusat bantuan malah ada gangguan terus.",1,0,3.168.0,2026-09-06 09:12:14,,,3.168.0,ovo
e4ecbe8e-6c7e-4756-932d-9eeebdd9683f,Jaya Sutarsa,https://play-lh.googleusercontent.com/a/ACg8ocI30WfWAN4qADII3l0NsYT6ZD1ff_WnV3uqdJIHyIMl7x5IPg=mo,udah 4 hari lebih grab modal belum cair apa udah kehabisan modal kalau bisa di batalin saya batalin deh udah kelamaan,1,0,,2026-09-06 08:42:39,,,,ovo
4af910cd-9033-49ce-9de1-2496cadfce72,Faradilla,https://play-lh.googleusercontent.com/a-/ALV-UjUyZOraHG0_q_Q9-NfnAYALc9q4lXXMKfDV0G1_ZOgZkqboaPw,sering bgy eror ni aplilasi..syalaaaannn..ribettt,1,0,3.168.0,2026-09-06 08:31:44,,,3.168.0,ovo
9a053326-e37c-4ffd-8ca0-70a98a8adf4b,Alan Nuari,https://play-lh.googleusercontent.com/a-/ALV-UjWnN53mvh_IFZ_31G1fE1r72NWcgrhbrUbzIr3guMOkD4yCJmqO,"apk busuk, banyak error nya, ubah nomor hp yg hilang tidak bisa sama sekali, jawabannya cuman tenang coba lagi nanti, BAPUK OVO, harus ada perubah tentang bug ini, mau ubah pin aja harus verifikasi email, padahal kan pake nomor hp bisa, atau vermuk. Kalo email nya masih aktif tidak masalah, ini kalo email nya sudah lupa atau kehapus/banned gimana. OVO BUSUK",1,0,3.168.0,2026-09-06 07:54:08,,,3.168.0,ovo
b651ee13-64a2-45e2-aa82-2f2370830582,Mardiana,https://play-lh.googleusercontent.com/a-/ALV-UjUQoqPYduDVNspi3_xx5V8uPYgSpRsvVI9alLn1LJ0sO4vwxTcl,sering sekali minta pembaharuan,4,0,3.168.0,2026-09-06 07:09:36,,,3.168.0,ovo
0e12d18f-3c81-4af5-885f-910ebfc80a5a,Bima Febrianto,https://play-lh.googleusercontent.com/a/ACg8ocIlXRsje31TEut7aQAw4J61YSgFHj_VBAcPxGC8wx6tycLvf7M=mo,"saya kecewa dengan aplikasi ini mencoba login dan ganti nomor tetap GK bisa masuk ,,,kecewa berat sama aplikasi ovo ,",1,0,3.168.0,2026-09-06 06:24:34,,,3.168.0,ovo
9d74dd48-f197-42c4-8928-41c9fdddea87,Endang Prasetyowati,https://play-lh.googleusercontent.com/a/ACg8ocIpY2Rp0NrffZrHfpalJ1C26sgaGoJp0kJFGAXcs0Fpzva0_ic=mo,"tidak bisa log in selama berbulan bulan, menghubungi cs tidak menyelesaikan masalah juga 😑",1,0,3.168.0,2026-09-06 06:01:18,,,3.168.0,ovo
58b06f21-36fb-44bf-9b95-a80616752033,Yesa rinaldo,https://play-lh.googleusercontent.com/a-/ALV-UjWNHfx4X0P1tKb5Qbe1FImTlKL9bqnF6_AKluvcjx64PRyDrHD_ZQ,"keamanannya kurang, tolong buat verifikasi by photo org megang ktp dan ktpnya untuk masuk ke OVO, agar tdk mudah di bobol, sama satu lagi hubungi support ovo di persulit dan lamaaa membosankan tidak interaktif seperti kita dikasih bot/ AI l, tidak respect sama pelanggan. kita sampe hubungi kalian itu berarti urgent! tau???",1,0,3.168.0,2026-09-06 05:49:11,,,3.168.0,ovo
514b4744-2c70-4979-bf67-413a7213c9b4,Rahmadi Wijaya,https://play-lh.googleusercontent.com/a/ACg8ocKyn7yEu2sYJf8E8vWnurQ4pGKQ5uJ7Oc-ExQh-7rZ17VFuIA=mo,bagaimana ini kok tiba tiba NIK KTP saya di gunakan padahal baru kali ini aku mengunakan ovo. TIDAK ADA PENJELAS DARI PIHAK OVO DI TELPON PENOLAKAN OTOMATIS. INI MENYAKUT DATA PRIBADI TOLONG DI PERBAIKIN SAYA MAU MENGUNAKAN PITUR PREMIER,1,0,3.168.0,2026-09-06 02:55:57,,,3.168.0,ovo
18d56a9b-9d99-416c-b5a3-b0e2cc91db1a,Ridwan Al,https://play-lh.googleusercontent.com/a/ACg8ocIS1cDUXV7fPTIoMvZf9c0toGkhf2ddWhMfMC8IWsOM4rLd_Q=mo,lupa pw susah bgt walaupun nmr hp aktif,1,0,3.168.0,2026-09-06 02:06:10,,,3.168.0,ovo
b631229a-ce3a-4f6f-a704-107124e38d82,Andreas Ginting,https://play-lh.googleusercontent.com/a-/ALV-UjUr_slfkC_s2-Ykff0nIMsZ3DHUfLW10PunJFHUm2J_rwyc0YYo,"ovo ini salah satu maling paling profesional nasional di Indonesia... salah transfer uang uang ngk dikembalikan sementara penerima tidak ada memakai uang tersebut dan akun udah di blokir ditelpon penerima bilang minta ke pihak ovo ditelpon pihak ovo suruh bikin surat pernyataan pakai materai 10ribu, udah dibuat,, suruh pihak penerima salah kirim menghubungi pihak ovo... mana mungkin dia mau... panggilan premium... udah itu suruh pihak salah kirim menghubungi... mana mungkin mau panggilan premium",1,0,,2026-09-06 01:52:12,,,,ovo
f460fb14-d9c7-4640-b1f3-e2236b4307cc,Siswadi Cus,https://play-lh.googleusercontent.com/a/ACg8ocJ3yYISSHaoB-52uBqXbmS543EGOFotwCjfvNJjAOpDyhhAzw=mo,keren,5,0,,2026-09-06 01:30:21,,,,ovo
2514cc51-b752-474c-b932-6368f0ff90eb,Andra Gilang Permana,https://play-lh.googleusercontent.com/a/ACg8ocLtsMg0yKs9nhG4DYCTrPXQz71Es7abmCUw23MtvunlOBoIKg=mo,bagus,5,0,3.168.0,2026-09-06 01:17:05,,,3.168.0,ovo
468c1113-686c-4f0d-9e74-f226321198dc,Rangga Botak,https://play-lh.googleusercontent.com/a/ACg8ocKZT79D_OreGXhAEjWGvV19kgr6pLQwP7bhuYPbPJRV3vvwCw=mo,nomor ovo saya tidal aktif lagi,5,0,3.168.0,2026-09-06 01:15:47,,,3.168.0,ovo
7dc55fd4-cf17-4b00-8d78-38ce4d2fc4bf,Rizky Firmansyah,https://play-lh.googleusercontent.com/a/ACg8ocKAVp3SX7K3fOJk9geXjRYyQS8tD-tCwI7TRH7c2TokrWpj5no=mo,ribet,1,0,,2026-09-06 00:08:52,,,,ovo
27f48c93-cf37-4b42-99a1-e6369a667279,Dibyo gaming,https://play-lh.googleusercontent.com/a-/ALV-UjV4chbPHbP5LB7h7-8Ayt3VIdqA-Hb8-GYGtNO88Liu0_Ztgs8,tiba2 susah masuk ke akun sendiri..g jelas,1,0,3.168.0,2026-09-06 00:06:05,,,3.168.0,ovo
06a5e51b-7699-4089-a00d-31b3eaa10408,nursyahril anwar,https://play-lh.googleusercontent.com/a-/ALV-UjW32k3xZx3OOVwofJCZBir0dY8st5yK7lzSBX3VEotEimaN590,semoga dapat dana yang banyak,5,0,3.168.0,2026-09-05 22:47:54,,,3.168.0,ovo
b5125d45-ce38-4e4c-9fa8-fa4be69a1cec,Sampurno,https://play-lh.googleusercontent.com/a/ACg8ocIHVjVHOTe9XNCO_dwutrfa6IJZZZkdQJU6PZUl2wtffvMi4Q=mo,foto profil saya tidak ada. dan akun saya tiba tiba tidak menjadi premium. padahal awal saya pakek udah saya daftarin ke premium,2,0,3.168.0,2026-09-05 22:39:58,,,3.168.0,ovo
f7943a41-bb62-4970-8529-52f8642186bc,Ahmadza Za,https://play-lh.googleusercontent.com/a/ACg8ocK8wuYrrn69oPu2eD98LcagaO8yBRQmdXxPXdCFMr-EgQb8cVI=mo,mau bikin ovo premium di biken ribet hadeh,1,0,3.168.0,2026-09-05 22:15:14,,,3.168.0,ovo
44b53a57-7cc2-426a-81a6-87ed53c738f9,Delima Sari,https://play-lh.googleusercontent.com/a/ACg8ocL4jRghm9YhkC9UNCxmw_7AsSz7ulMinjeAKoQBK6p5FsOygw=mo,potongan ny mengerikan klau potong cukup pengirim aja ini penerima juga di potong 2 RB,2,0,,2026-09-05 22:11:43,,,,ovo
60151db8-78dc-45e5-9219-5e299e08a350,Surya Bagus,https://play-lh.googleusercontent.com/a/ACg8ocKYr05bO8ngIkVInAz2HjuZN60OLyEOnrYtKFwfjDtfIx5K5w=mo,gimana kalau hp SMA email hilang,1,0,,2026-09-05 22:05:51,,,,ovo
d74157ce-f1d9-4e09-b2ae-f1362f4fbf9c,Arif Nur Wahyudi,https://play-lh.googleusercontent.com/a-/ALV-UjXKr787mgWyN9KLvwAtBaIGIwoq9wowL8DdHETyuA5lWD4yJmk,"aplikasi ruwet, banyak biaya adminnya, masih enak dana",1,0,,2026-09-05 21:59:10,,,,ovo
81b02d7f-38ad-46ce-836b-b95ebde6de95,Dias Vcg,https://play-lh.googleusercontent.com/a/ACg8ocKi_1xDIv2sZDZYwTiuRcISaMfquye89y8gE6v-JXPNtiPX2A=mo,batu pernium,4,0,3.168.0,2026-09-05 21:01:30,,,3.168.0,ovo
47e52757-a7d4-46ba-a3ca-69bbe75b290f,Fatih Hindra,https://play-lh.googleusercontent.com/a-/ALV-UjUMFkUhbk4OmMl2p1SFQhIZcCFUiPRqUiC1zeiGtpnDgKiNDG8o,"kartu hilang dan nomor ingin di kembalikan, tapi banyak sekali masalah nya",1,0,,2026-09-05 20:59:24,,,,ovo
1640c6e5-0016-4a3a-9672-e41d905a9543,Arif Ploer,https://play-lh.googleusercontent.com/a-/ALV-UjXpU1cYFOoSmOsMzkdypXnzF3i-Bg0ve43D8bm10--EKbdrolyo,Ok,5,0,3.168.0,2026-09-05 20:53:12,,,3.168.0,ovo
a76016e9-9f20-4df5-9932-bf506d073c78,Anjas Prasetya,https://play-lh.googleusercontent.com/a/ACg8ocI2wxUjUz7mcQDmopRgn1gjQwW3Q0GxGfyi6ktYgIGGyogW9g=mo,"ribet, tf harus premium",1,0,3.168.0,2026-09-05 20:46:30,,,3.168.0,ovo
927c52de-0235-44c4-8a9c-86e9c74ca9fb,Fabyan Wijanarko,https://play-lh.googleusercontent.com/a/ACg8ocIFYdwx-jPOHncwwWkZGZmAKIc4L3mQItx53GDoqnz4csXaeQ=mo,transfer selalu gagal dan uang gak balik,1,0,,2026-09-05 20:30:10,,,,ovo
8d915492-310a-4d53-86fe-3dc32df10d59,Muel Angel,https://play-lh.googleusercontent.com/a-/ALV-UjX4-phEhOGYoHh3Ax6vDHCzVyY6HZRHNFXtLM6rgre8U3qXCFw9,"top up 318.000 dri tgl 4 kemaren sore , blom masuk , admin respon lama ,kapok gw gunakan ovo , blom masuk uang ilang gitu aja , bener bener ovo dari dulu apk tuyul",1,0,3.168.0,2026-09-05 20:27:14,,,3.168.0,ovo
8725f83a-f405-4d20-97a8-da9b508e5241,Adi Siahaan,https://play-lh.googleusercontent.com/a-/ALV-UjU691JI1w3RTZ6L5B3ut4by6JT9zZ9KWtH0x-Pz-EevsdNBeQhT,"maintance mulu, ga kelar kelar",1,0,3.124.0,2026-09-05 20:18:50,,,3.124.0,ovo
bc460198-dc72-41df-9cc1-167d41fa181c,Arla Tabun,https://play-lh.googleusercontent.com/a-/ALV-UjUu1oN6itN6Y_IHunmhaBJ3ivhnrHr2vCSeMtABEl-pWBM8QXSq,uang yang dikirim belum masuk,5,0,3.168.0,2026-09-05 19:30:51,,,3.168.0,ovo
d0a71eb0-b896-4b77-b3aa-d082fcafc9d1,asw driver,https://play-lh.googleusercontent.com/a-/ALV-UjUshC6PaRH_MEeNazB8Fo30FTpGN4EEnycoZnXCizxADfWYi5k,"Sudah bagus, tingkatkan lagi supaya jadi lebih baik lagi",5,0,3.168.0,2026-09-05 19:27:10,"Hai Kak, terima kasih sudah menjadikan OVO teman terbaik dalam bertransaksi:) Yuk #pakeOVOaja ^KH",2022-11-23 19:25:19,3.168.0,ovo
53bb251c-80ad-4b35-9968-3d1a62f49f66,Dkf D,https://play-lh.googleusercontent.com/a/ACg8ocLTPqVVcvdGzwN_7F-u_BuRcPye6SR8-ap0lHHQkyICwicvsA=mo,"login perlu otp padahal kartu SIM hilang, pas mau ganti nomor juga kaga bisa, apk penipuan berkedok dompet digital",1,0,3.167.0,2026-09-05 19:26:06,,,3.167.0,ovo
b68758c8-78e5-4f4d-a3cf-6b8ba9fffc64,Ade Fahturohman,https://play-lh.googleusercontent.com/a/ACg8ocKqoRkd9Q6zvoZVAU2aBid91Dr4McVjBB6SdFYP_-gHP1883w=mo,ovo makin mantap,5,0,3.168.0,2026-09-05 18:35:02,,,3.168.0,ovo
44e8bf61-9963-4cc0-88c4-a4ee1ded26bb,Noor Safi'i,https://play-lh.googleusercontent.com/a/ACg8ocLPbiWtiWeyH7b-Ww-tbdWtj-SVJExOXhQIRjjm6OBhtyPF4g=mo,"ovo ga beres, buat transaksi g bisa bisa",1,0,,2026-09-05 17:56:21,,,,ovo
e0d65452-8b5b-4ebb-88d2-711c3cbfb77b,Dian Ferdino Yuswar,https://play-lh.googleusercontent.com/a-/ALV-UjV8sjzsmOGv565lTmVZVzbrv2zuvwQEztMX9GI6_dnNChmnkx8,tidak bisa login,1,0,3.168.0,2026-09-05 17:56:11,,,3.168.0,ovo
1d74ee10-7a18-4b5d-a1d1-689edb237c88,Hery Fadli,https://play-lh.googleusercontent.com/a/ACg8ocJP3R8RoS8VHqfUB66RGLq673LNMQsMp_w-ApmSP-m3PYFM-A=mo,tolong dong pihak ovo ada transaksi masih diproses sudah 1x24 jam loh masa masalah sepele gini gak bisa di selesaikan transfer ke bang BNI tolong di proses secepatnya....,3,0,3.168.0,2026-09-05 17:40:10,,,3.168.0,ovo
f6b1e0f5-8288-48f1-a869-cda80aa83704,Agung Budiman,https://play-lh.googleusercontent.com/a/ACg8ocLnkybkbGF28btb1uKdaGRCpwsqUQrqV5_wzY6QvZsLZ9QTkA=mo,"Aplikasi tolol tiba2 saldo ilang , ada transaksi yg gajelas",1,0,3.167.0,2026-09-05 17:30:28,,,3.167.0,ovo
81036c55-74db-4673-b8cc-c394d76e47ef,kaset kusut,https://play-lh.googleusercontent.com/a-/ALV-UjVdsA2a3WLlvziC_aTQhjk6jLRzgyQwTvN4DM2W1uxBieHA6Vs,"makin gede aje potongan top up nya cokkk, lintah darat",1,0,3.168.0,2026-09-05 17:20:37,,,3.168.0,ovo
991600d0-91a1-48b6-9495-c12ddf93e988,Resti Ani,https://play-lh.googleusercontent.com/a/ACg8ocIm_GjFu8eNhlorBLadaeHIMg58cVdxF-mnKUuGZaIhKLXxWw=mo,"kecewa,,,gagal trus mau TF... uninstall aja nih ovo ga guna",1,0,3.168.0,2026-09-05 17:20:05,,,3.168.0,ovo
c103840d-a98c-42b4-a8b1-1b78027c3f8b,Fahmiannisa 88,https://play-lh.googleusercontent.com/a/ACg8ocI0DrTwBQecNhk7t8KIjuBELjItgVmzjoFIipMvgZwSg-rg0Q=mo,aplikasi babiiiiiiiii*** topup seharian kaga masuk KonToLLLLL,5,0,,2026-09-05 16:10:22,,,,ovo
63743d82-5fe0-4277-84e8-64862f3e89ea,Ratu Bilkis,https://play-lh.googleusercontent.com/a/ACg8ocJyuT2ASLUfDylza2w7GqpTiTt1Xvua0GoJlmcWDYawS9CSyg=mo,kita boikot saja rame2 masak login berulang mau ganti nomer yang baru selalu gagal.sedang nomer lama tidak bisa dibuka.itu pun masih ada saldonya.,1,0,,2026-09-05 16:02:33,,,,ovo
e2c8f326-1f8c-479c-a492-11f7d0235b42,Kinasih314 Wulan,https://play-lh.googleusercontent.com/a/ACg8ocIJciQJCF1Njbh-UJXp-LoKwauGfxD6O6pkU6rELTO6gr1i=mo,cukup puas,5,0,3.168.0,2026-09-05 15:54:39,,,3.168.0,ovo
266b5882-a168-4bb7-9327-4a2d5620a787,Bayu Oktavian,https://play-lh.googleusercontent.com/a-/ALV-UjXkwVvggUxofCho1ZX8A91_1NO-FqMQEfPppsPCGRzG1UtPWBSB,ni kenapa dah tumben bnget tf dari ovo ke seabank udh 2 jam msih pending hdehhhh... ga recommended pake ni apk sampah,3,0,3.168.0,2026-09-05 15:10:02,,,3.168.0,ovo
78932311-a09f-4e1b-b6b9-24942f8514ed,Zoe Sharpe,https://play-lh.googleusercontent.com/a/ACg8ocJcvD2fmvL6JNspJzD-2Tef86y9TAA97wKn2q-6n3pmrjydDQ=mo,"aneh jir, mau login aja ribet banget, katanya aplikasi/perangkat nya dimodifikasi, padahal ga gua apa apain dah, aneh bet disuruh dibenerin dulu, guanya aja gatau yang dimodifikasi apa anjay, aneh, ribet banget, mode developer juga ga nyala, benerin lagi lah, hp nya aja beli baru bukan second, apa yg dimodifikasi, dimodifikasi biar ada ban nya kah, atau gmna anjay aneh.",2,0,3.166.0,2026-09-05 15:09:02,,,3.166.0,ovo
153ddcea-03d4-4a3f-a344-aef0370c6860,Riyan Septianto saputra,https://play-lh.googleusercontent.com/a/ACg8ocKxKYye_HHclX63SYdDdOxd2JCwAD1SAhV2Mab0ScoxJdCJiA=mo,masih mending make dana,1,0,,2026-09-05 14:46:46,,,,ovo
026c30f1-b870-4ce0-bb5d-8f972a9f50b7,Dashing 99,https://play-lh.googleusercontent.com/a-/ALV-UjUb-p4ziQrmin3gzLQaX2FPVDIgP8IOvya-mPb1OH41vfF5vjA,ovo paylaternya menyesatkan,1,0,3.104.0,2026-09-05 14:45:59,,,3.104.0,ovo
2b853d99-9248-40f2-9db7-38372c76f797,Mira Bembok,https://play-lh.googleusercontent.com/a-/ALV-UjUjWsraGHqr6mhe71EmYklruox4dQbRb8pxgDKLLpMutqo0i2w,daftar tdk bisa tolak terus,1,0,,2026-09-05 14:06:26,,,,ovo
1b1709e5-ac1f-4721-8c3b-822ae58ac7e6,Viona Aurelli,https://play-lh.googleusercontent.com/a/ACg8ocLApXaDTQQsuMv9x5qOCsX5CJC_L7sUTEv9XKTqzIDfJCBaLw=mo,JELEKK BGT,1,0,3.168.0,2026-09-05 13:30:28,,,3.168.0,ovo
2d31e65d-62be-4f7b-a0a9-e89d5a5534b2,Teddy Syachruddin,https://play-lh.googleusercontent.com/a/ACg8ocJH4CgI2BOwJMyziCmlUTaW0G9qBwEKt6jBOf5CMAL5IirIOQ=mo,mantap,5,0,3.168.0,2026-09-05 13:26:17,,,3.168.0,ovo
c7ef3110-4298-4ee9-ba2a-77ae20fce0b7,Agus Setiawan,https://play-lh.googleusercontent.com/a/ACg8ocIKu7ViyEdl4LbxIqz_WUvITk5KiqbQZPwnQuHkW16q6uNYVA=mo,apalah ini tpup cuma 20 dipotong pula 2ribu kecewa banget,5,0,3.168.0,2026-09-05 12:09:37,,,3.168.0,ovo
53a13715-c00c-4f99-a166-b22f9a69369c,pande bode,https://play-lh.googleusercontent.com/a-/ALV-UjV4KUwM4rKBD1WahiXlFDpEsuL2ZUozhxay6aUWhXT9dQFienKo,transaksi jadi sangat mudah,5,0,3.168.0,2026-09-05 12:06:38,,,3.168.0,ovo
bbce6bf7-89fd-4abe-88f9-6ae8a13714f4,Darma Yanto,https://play-lh.googleusercontent.com/a/ACg8ocLqvXF5z4bDT49sSSymITtG0MipG-P3pWazRbiOIQOnSkV6tw=mo,"securiti ovo jelek banget gampang di hack hati hati yang sering taroh duit di ovo, saya sudah laporan email tapi tidak ada respon sama sekali",1,0,,2026-09-05 11:34:05,,,,ovo
63861c1a-158a-41bd-9042-0a447c256ca1,Andre Wijaya,https://play-lh.googleusercontent.com/a/ACg8ocLP9QcxuNYl7AQlx1QU6WcmASrvi7YT5KFU8UmwdcqHdj0SUQ=mo,mau login ke ovo tapi no hp dan Gmail sudah lupa karena hp hilang mau login ke ovo jadi susah karena kode otp,2,0,,2026-09-05 11:30:16,,,,ovo
b3fbf1b9-a0a4-4dc2-b169-ed2a3458882a,Akun Rohadi,https://play-lh.googleusercontent.com/a-/ALV-UjXG7BsBIq3JFHd4T-ZY19XrOP71ArU-Gz0rsnsiX-Lh_z3Gnek,sammyeocXZ,5,0,3.168.0,2026-09-05 10:54:16,,,3.168.0,ovo
4e3b6685-239f-4bc2-aefc-edd6f36ece15,Dewi Pujiastuti,https://play-lh.googleusercontent.com/a-/ALV-UjVNyl3CiS4yvpgv8BjrOuxI5deJxme1HdLK9B5K_PfUKINErRA1,gila ya ovo topup dari banknya gratis masih di potong 2rb dengan dalil topup dari bank,1,0,,2026-09-05 10:47:50,,,,ovo
a5fba72e-9e6b-4fab-a865-04bf166ea8ba,Saya Tauuu,https://play-lh.googleusercontent.com/a-/ALV-UjW0cGvEHE3xxxJyb9OPQND-W3fXd8l5wja13A7z1KkmCJO7nkNZ,"ubah nomor hp aja susah ,eror Mulu punya apk ga di perhatikan, cek itu mau ubah nomor susah dari semalam sampe sekarang ,saldo nyangkut",1,0,3.168.0,2026-09-05 10:37:31,,,3.168.0,ovo
4fe2439e-3324-4cd5-b487-4a837b74682d,Faisal Ramdani,https://play-lh.googleusercontent.com/a-/ALV-UjX56RasC8WpNqt_AVOqzjB8hkK66DiJPAyj1X1RAPCc4m5vLtE,gimana ini kenapa saya mau login terkena blokir,1,0,,2026-09-05 10:15:50,,,,ovo
b49c5c51-e5b6-4a91-bbfa-b4a0c91849e4,Bothcan Muhammad,https://play-lh.googleusercontent.com/a-/ALV-UjVa4wtXO1Cd-8O078wku-EqHFqdzHnzPPDuk29NZ3ct0j2VoP77,potongan mulu isinya pantes kaga ada yang pake,1,0,,2026-09-05 10:09:28,,,,ovo
8870d906-d725-4172-a061-01fafaa830e1,gunawan paraduan Gunz,https://play-lh.googleusercontent.com/a-/ALV-UjW3s_8cUQlAfHNDLRXo26nVuZHDRxGF-77WLBwdsBZpyqpJrVCt,"lah masih rate 3. kirain udah di apus dr play store. padahal dr 2018 udah merosot tajam mulai dr admin tf, qris bermasalah, tf terpending, dan tarik tunai yang ga muncul tokennya.",1,0,3.168.0,2026-09-05 09:30:04,,,3.168.0,ovo
05cfdb1d-0ee1-4e88-bf4e-35e2d5139515,Alfian Ibrahim,https://play-lh.googleusercontent.com/a-/ALV-UjWypwwCr9UXRqd7M02RkZHLjw9lSY5cMoOZXabrk9Gvrw9t6HEFcw,apk gajelas mau ganti nomer aja ada gangguan terus udah sebulan lebih gausah pake apk ini apk gaje,1,0,3.168.0,2026-09-05 08:39:20,,,3.168.0,ovo
790f2b2f-ad95-45f7-8712-95376e4373a2,artha madya,https://play-lh.googleusercontent.com/a/ACg8ocK6XYT_vYtvMwfiIdoOkoAHEkGxNGJcJMBa2RDCLwUx2PUb=mo,pantes rating under *4.emg layanan paling payah dr pesaingnya,1,0,,2026-09-05 08:13:44,,,,ovo
d4f2564f-09cf-4ad3-8089-e6853498be37,Nara Q Zee,https://play-lh.googleusercontent.com/a-/ALV-UjUT6UEDPHd4MJXSF6BkYm5uAhzaEmJIatIU2oGRiPvz9rQkeVs,di saat urgent melakukan pembayaran sedang tidak baik baik saja selalu gagal. aplikasi penipu top up kepotong 3000,1,0,3.167.0,2026-09-05 07:39:26,,,3.167.0,ovo
37237103-ac9c-4b3b-8283-8c444c819860,Andre andre,https://play-lh.googleusercontent.com/a-/ALV-UjVGnwVlM9PaWpC8R1Ipm489UE6JHQwHlIrTgcWApRyonFs7541N,kuli bangunan,5,0,3.168.0,2026-09-05 07:35:18,,,3.168.0,ovo
3954f0ad-2ced-4393-8437-ea08a491609b,Selamet Martin,https://play-lh.googleusercontent.com/a-/ALV-UjXXvDHF2Urif_kODh0E1coZqHQhTOUMqE6hiHODiTPdmAQwuk2X,"cara top up nya gimana saya pake nomor hp ko ga masuk,padahal suda top up",1,0,3.168.0,2026-09-05 06:23:37,,,3.168.0,ovo
f5a2f0d7-98fe-4269-af7e-7dc3b516768b,Wilson Wetik,https://play-lh.googleusercontent.com/a-/ALV-UjURt1yQkUcYI3CWVntmM4nOIgMSqlVATl3CqZ2pns2ilrZVU4U,good aplication but not good for transaction,5,0,3.168.0,2026-09-05 06:17:41,,,3.168.0,ovo
bff86757-dafc-4a59-9ee3-f7de5a256e33,Bang jo Ijo,https://play-lh.googleusercontent.com/a/ACg8ocKdT9uqHW5LDeu5gLxyHcSMArKosa0OhfrFVJIfvdURNS9zLA=mo,baik baik saja,5,0,,2026-09-05 05:17:04,,,,ovo
223ae65b-c47a-4d85-a31b-636610af9048,DARRA vlog,https://play-lh.googleusercontent.com/a-/ALV-UjW6E7o-630_68YN2beblBxhMnepoyYdyDsN7PIsPlehSvY9WBU,transfer gagal uangnya ga balik udh 2 hari ini,1,0,3.168.0,2026-09-05 04:44:36,,,3.168.0,ovo
0f418920-4a43-4abd-9171-fc8aa4980a3a,Abdul Rohim,https://play-lh.googleusercontent.com/a/ACg8ocLj5rYr0NSih4kdz_of4w4EA3y5aDhW9HM2GSyEE9BdTm7AGg=mo,"ovo rada geblek, dishopepay gua tf berhasil diovo blm muncul tuh saldo, saldo kmren yg hilang aja blm kembali, sekarang hilang lagi, apk sampah",1,0,3.168.0,2026-09-05 04:21:22,,,3.168.0,ovo
e86eaea5-a5a8-47cc-b91d-dc6f9c92887a,Ahmad Nh,https://play-lh.googleusercontent.com/a-/ALV-UjWcxEVT-swrwkxm8mZdAplh7FXQR2b2FeGEWye7z-_i-epL0jAP,maling transaksi dalam proses tapi saldo terpotong GK blek Sampek saat ini,1,0,3.168.0,2026-09-05 04:03:55,,,3.168.0,ovo
81f6b769-a70d-496c-be8a-cd99368e8b0b,Muhammad Rizky Fadillah,https://play-lh.googleusercontent.com/a-/ALV-UjWEHOBQxQS_02SysyjmknN_1rUf5CMt870iIZGPyNJkZIsoRUS2,"OVO miskin , topup kena biaya , transfer kena admin. ga ada gratisan transfer , rugi kalo setiap topup sama TF kena biaya admin. uninstall OVO miskin !!!",1,0,,2026-09-05 04:00:27,,,,ovo
b765e994-39a3-437c-a412-d5a38560ab2a,Amanda Ayu,https://play-lh.googleusercontent.com/a/ACg8ocLs3zLKB-jS14J3nAcVriqKtHD7CLCM5y-NhAEjWs0219tWaQ=mo,teransfer masih d proses padahal saldo ya udah terpotong dan blum masuk jg ke norek tujuan.. tolong segera di bantu untuk proses teransferan ya DA harap segera kmblikan saldo nya karna saya lagi butuh banget,1,0,,2026-09-05 03:39:55,,,,ovo
8d3ba875-a8ab-4615-95ca-532ae162bbf1,Indra Kusuma,https://play-lh.googleusercontent.com/a-/ALV-UjVzgUbmYyxabcqj9fb3Xx-MEMoGWabCs3_tMAm7nulwgUqEogXB,"susah masuk terus, padahal jaringan bagus",1,0,3.168.0,2026-09-05 02:27:20,,,3.168.0,ovo
a79fc086-41c3-40bf-b838-a79111e6f485,Ade Suhendar,https://play-lh.googleusercontent.com/a-/ALV-UjUpSuCk9wD6BazQVMjb_0utgsZrg96Xuq7hyI84-OXaUrcmUxxpuA,buruk,1,0,3.168.0,2026-09-05 02:24:38,,,3.168.0,ovo
a49bf23f-ccfa-47f1-908d-b64f7c6edfe7,Danil Mahesa,https://play-lh.googleusercontent.com/a-/ALV-UjXihrx58GGcEfvavXNkswLtWxJKBOh8VGVkfClN5OZYSJvT-NQ,ewalet paling buruk potongan terus mending dana gratis,1,0,3.167.0,2026-09-05 02:16:03,,,3.167.0,ovo
b0368d11-6e1c-41af-be42-c752cdd3b4a5,jefri layla,https://play-lh.googleusercontent.com/a/ACg8ocK-KwRSmnSmHVfPmNPpS3rhTSPAI1ugBHtM5fuKblQ3itmayQ=mo,sering ganguwan,5,0,3.168.0,2026-09-05 01:52:31,,,3.168.0,ovo
be474690-0d59-47ba-b684-8b877dd79ba9,Oneprod Irawan,https://play-lh.googleusercontent.com/a/ACg8ocLxzA6HYDLzzp7Cf0cq_O6OAuVy2h3050XniaDlunYopuCXTA=mo,sangat kecewa ga bisa di buka padahal pasword ny bener payah,4,0,3.168.0,2026-09-05 00:59:48,,,3.168.0,ovo
cf343a98-b179-46df-8ccf-a937c8be984a,Pandu New,https://play-lh.googleusercontent.com/a-/ALV-UjVz5pcUfzfX54WkfAOL4ujvRuSd5bd6ccJ-MskURJZ0gmvmg4o,mau transaksi gagal memproses terus,1,0,3.168.0,2026-09-05 00:41:04,,,3.168.0,ovo
e35591da-e738-4150-9817-3eae5173517e,Delapan Murib,https://play-lh.googleusercontent.com/a-/ALV-UjWcMr8JK3_crBfnMxp0ME5IOsZZmfssGg8lsgT2eYp1Snb13S-j,suka,5,0,3.167.0,2026-09-05 00:37:27,,,3.167.0,ovo
8b1fb071-109a-4fe4-82e5-193dc87fc016,Reckey Sucipto,https://play-lh.googleusercontent.com/a/ACg8ocIjl5XZW4ozVnQ_B6ZZQ1zSys2b1Npp0VhGZNo3-egdKJKU8g=mo,aplikasi tidak jelas. tidak bisa di upgrade,1,0,3.168.0,2026-09-04 23:48:23,,,3.168.0,ovo
b0724245-f5f1-4769-8773-8b204619f7d0,Dedi Firmanto,https://play-lh.googleusercontent.com/a/ACg8ocIXbb4vtYNnUnp7ywdkKALGJ8TF1-JSKsqdfsOrL_0JOzCTgFQ=mo,sulit semua mau ngajuin apapun gak kaya apk biru sebelah mudah mw ada kebutuhan segala macem gak ribet..,1,0,3.168.0,2026-09-04 23:34:58,,,3.168.0,ovo
2306847a-a234-421d-95b1-06584e2f89ca,Ahmad Hafa,https://play-lh.googleusercontent.com/a/ACg8ocLA2ixuUdgM3-Qh5iEnHpkQ8Y7RikVIB3cJLnfKb9yY7Ns1_g=mo,tidak bisa login pdahal udah di coba ber kali²,1,0,,2026-09-04 23:04:05,,,,ovo
87d4b539-cc62-4310-88b2-f24c33165195,Irfan Adha,https://play-lh.googleusercontent.com/a-/ALV-UjXdQhor98diVrC9oGIKhHfdZvzJJov_oiKU-zDKI-AiQFe2xHw,"sengaja kasi bintang 5 biar kebaca, apk nya bagusn't, isi saldo kena potong, nge transfer pun kena potong,potong lah semua, jangan kalian jadikan ini jadi ewallet utama",5,0,3.168.0,2026-09-04 22:48:12,,,3.168.0,ovo
